-- phpMyAdmin SQL Dump
-- version 5.2.1
-- https://www.phpmyadmin.net/
--
-- Host: localhost
-- Generation Time: Oct 16, 2024 at 01:17 PM
-- Server version: 8.0.30
-- PHP Version: 8.2.23

SET SQL_MODE = "NO_AUTO_VALUE_ON_ZERO";
START TRANSACTION;
SET time_zone = "+00:00";


/*!40101 SET @OLD_CHARACTER_SET_CLIENT=@@CHARACTER_SET_CLIENT */;
/*!40101 SET @OLD_CHARACTER_SET_RESULTS=@@CHARACTER_SET_RESULTS */;
/*!40101 SET @OLD_COLLATION_CONNECTION=@@COLLATION_CONNECTION */;
/*!40101 SET NAMES utf8mb4 */;

--
-- Database: `boya`
--

-- --------------------------------------------------------

--
-- Table structure for table `cache`
--

CREATE TABLE `cache` (
  `key` varchar(255) CHARACTER SET utf8mb4 COLLATE utf8mb4_unicode_ci NOT NULL,
  `value` mediumtext CHARACTER SET utf8mb4 COLLATE utf8mb4_unicode_ci NOT NULL,
  `expiration` int NOT NULL
) ENGINE=InnoDB DEFAULT CHARSET=utf8mb4 COLLATE=utf8mb4_unicode_ci;

-- --------------------------------------------------------

--
-- Table structure for table `cache_locks`
--

CREATE TABLE `cache_locks` (
  `key` varchar(255) CHARACTER SET utf8mb4 COLLATE utf8mb4_unicode_ci NOT NULL,
  `owner` varchar(255) CHARACTER SET utf8mb4 COLLATE utf8mb4_unicode_ci NOT NULL,
  `expiration` int NOT NULL
) ENGINE=InnoDB DEFAULT CHARSET=utf8mb4 COLLATE=utf8mb4_unicode_ci;

-- --------------------------------------------------------

--
-- Table structure for table `contacts`
--

CREATE TABLE `contacts` (
  `id` int NOT NULL,
  `user_id` int DEFAULT NULL,
  `phone` varchar(255) DEFAULT NULL
) ENGINE=InnoDB DEFAULT CHARSET=utf8mb4 COLLATE=utf8mb4_0900_ai_ci;

-- --------------------------------------------------------

--
-- Table structure for table `failed_jobs`
--

CREATE TABLE `failed_jobs` (
  `id` bigint UNSIGNED NOT NULL,
  `uuid` varchar(255) CHARACTER SET utf8mb4 COLLATE utf8mb4_unicode_ci NOT NULL,
  `connection` text CHARACTER SET utf8mb4 COLLATE utf8mb4_unicode_ci NOT NULL,
  `queue` text CHARACTER SET utf8mb4 COLLATE utf8mb4_unicode_ci NOT NULL,
  `payload` longtext CHARACTER SET utf8mb4 COLLATE utf8mb4_unicode_ci NOT NULL,
  `exception` longtext CHARACTER SET utf8mb4 COLLATE utf8mb4_unicode_ci NOT NULL,
  `failed_at` timestamp NOT NULL DEFAULT CURRENT_TIMESTAMP
) ENGINE=InnoDB DEFAULT CHARSET=utf8mb4 COLLATE=utf8mb4_unicode_ci;

-- --------------------------------------------------------

--
-- Table structure for table `jobs`
--

CREATE TABLE `jobs` (
  `id` bigint UNSIGNED NOT NULL,
  `queue` varchar(255) CHARACTER SET utf8mb4 COLLATE utf8mb4_unicode_ci NOT NULL,
  `payload` longtext CHARACTER SET utf8mb4 COLLATE utf8mb4_unicode_ci NOT NULL,
  `attempts` tinyint UNSIGNED NOT NULL,
  `reserved_at` int UNSIGNED DEFAULT NULL,
  `available_at` int UNSIGNED NOT NULL,
  `created_at` int UNSIGNED NOT NULL
) ENGINE=InnoDB DEFAULT CHARSET=utf8mb4 COLLATE=utf8mb4_unicode_ci;

-- --------------------------------------------------------

--
-- Table structure for table `job_batches`
--

CREATE TABLE `job_batches` (
  `id` varchar(255) CHARACTER SET utf8mb4 COLLATE utf8mb4_unicode_ci NOT NULL,
  `name` varchar(255) CHARACTER SET utf8mb4 COLLATE utf8mb4_unicode_ci NOT NULL,
  `total_jobs` int NOT NULL,
  `pending_jobs` int NOT NULL,
  `failed_jobs` int NOT NULL,
  `failed_job_ids` longtext CHARACTER SET utf8mb4 COLLATE utf8mb4_unicode_ci NOT NULL,
  `options` mediumtext CHARACTER SET utf8mb4 COLLATE utf8mb4_unicode_ci,
  `cancelled_at` int DEFAULT NULL,
  `created_at` int NOT NULL,
  `finished_at` int DEFAULT NULL
) ENGINE=InnoDB DEFAULT CHARSET=utf8mb4 COLLATE=utf8mb4_unicode_ci;

-- --------------------------------------------------------

--
-- Table structure for table `migrations`
--

CREATE TABLE `migrations` (
  `id` int UNSIGNED NOT NULL,
  `migration` varchar(255) CHARACTER SET utf8mb4 COLLATE utf8mb4_unicode_ci NOT NULL,
  `batch` int NOT NULL
) ENGINE=InnoDB DEFAULT CHARSET=utf8mb4 COLLATE=utf8mb4_unicode_ci;

--
-- Dumping data for table `migrations`
--

INSERT INTO `migrations` (`id`, `migration`, `batch`) VALUES
(1, '0001_01_01_000000_create_users_table', 1),
(2, '0001_01_01_000001_create_cache_table', 1),
(3, '0001_01_01_000002_create_jobs_table', 1);

-- --------------------------------------------------------

--
-- Table structure for table `orders`
--

CREATE TABLE `orders` (
  `id` int NOT NULL,
  `customer_id` int DEFAULT NULL,
  `executor_id` int DEFAULT NULL,
  `amount` float DEFAULT NULL,
  `discount` float DEFAULT '0',
  `total` float DEFAULT NULL,
  `status_id` int DEFAULT '1',
  `debt` float DEFAULT '0',
  `paid` float DEFAULT '0',
  `notes` longtext,
  `created_at` timestamp NOT NULL,
  `updated_at` timestamp NULL DEFAULT NULL
) ENGINE=InnoDB DEFAULT CHARSET=utf8mb4 COLLATE=utf8mb4_0900_ai_ci;

--
-- Dumping data for table `orders`
--

INSERT INTO `orders` (`id`, `customer_id`, `executor_id`, `amount`, `discount`, `total`, `status_id`, `debt`, `paid`, `notes`, `created_at`, `updated_at`) VALUES
(1, 2, 1, 0, 0, 0, 1, 0, 0, '', '2024-10-16 06:05:47', '2024-10-16 06:05:47'),
(2, 2, 1, 49, 0, 49, 1, 0, 49, '', '2024-10-16 06:26:54', '2024-10-16 06:34:36'),
(3, 3, 1, 28.6, 0, 28.6, 1, 0, 0, '', '2024-10-16 06:38:57', '2024-10-16 09:19:06'),
(4, 4, 1, 40.6, 0, 40.6, 1, 0, 0, '', '2024-10-16 09:22:46', '2024-10-16 10:07:06');

-- --------------------------------------------------------

--
-- Table structure for table `order_items`
--

CREATE TABLE `order_items` (
  `id` int NOT NULL,
  `order_id` int DEFAULT NULL,
  `product_id` int DEFAULT NULL,
  `amount` int DEFAULT NULL,
  `price` float DEFAULT NULL,
  `total` float DEFAULT '0'
) ENGINE=InnoDB DEFAULT CHARSET=utf8mb4 COLLATE=utf8mb4_0900_ai_ci;

--
-- Dumping data for table `order_items`
--

INSERT INTO `order_items` (`id`, `order_id`, `product_id`, `amount`, `price`, `total`) VALUES
(1, 2, 11, 2, 24.5, 49),
(2, 3, 26, 2, 14.3, 28.6),
(3, 4, 42, 2, 20.3, 40.6);

-- --------------------------------------------------------

--
-- Table structure for table `order_status`
--

CREATE TABLE `order_status` (
  `id` int NOT NULL,
  `name` varchar(255) CHARACTER SET utf8mb4 COLLATE utf8mb4_unicode_ci DEFAULT NULL
) ENGINE=InnoDB DEFAULT CHARSET=utf8mb4 COLLATE=utf8mb4_unicode_ci;

--
-- Dumping data for table `order_status`
--

INSERT INTO `order_status` (`id`, `name`) VALUES
(1, 'Qəbul edildi'),
(2, 'Hazırdır'),
(3, 'Təhvil verildi'),
(4, 'Ləğv edildi');

-- --------------------------------------------------------

--
-- Table structure for table `password_reset_tokens`
--

CREATE TABLE `password_reset_tokens` (
  `email` varchar(255) CHARACTER SET utf8mb4 COLLATE utf8mb4_unicode_ci NOT NULL,
  `token` varchar(255) CHARACTER SET utf8mb4 COLLATE utf8mb4_unicode_ci NOT NULL,
  `created_at` timestamp NULL DEFAULT NULL
) ENGINE=InnoDB DEFAULT CHARSET=utf8mb4 COLLATE=utf8mb4_unicode_ci;

-- --------------------------------------------------------

--
-- Table structure for table `payments`
--

CREATE TABLE `payments` (
  `id` int NOT NULL,
  `executor_id` int DEFAULT NULL,
  `order_id` int DEFAULT NULL,
  `customer_id` int DEFAULT NULL,
  `type_id` int DEFAULT NULL,
  `amount` float DEFAULT NULL,
  `note` longtext CHARACTER SET utf8mb4 COLLATE utf8mb4_unicode_ci,
  `created_at` timestamp NOT NULL,
  `updated_at` timestamp NULL DEFAULT NULL
) ENGINE=InnoDB DEFAULT CHARSET=utf8mb4 COLLATE=utf8mb4_unicode_ci;

--
-- Dumping data for table `payments`
--

INSERT INTO `payments` (`id`, `executor_id`, `order_id`, `customer_id`, `type_id`, `amount`, `note`, `created_at`, `updated_at`) VALUES
(1, 1, NULL, 2, 2, 230, '', '2024-10-15 13:56:04', '2024-10-15 13:56:04'),
(2, 1, 2, 2, 1, 400, 'Borc ödənişi edildi. Borc sıfırlandı.', '2024-10-16 06:34:35', NULL),
(3, 1, NULL, 2, 2, 351, 'SFR16102024000002 kodlu sifariş ödənişindən artıq qalan vəsait.', '2024-10-16 06:34:36', NULL),
(4, 1, NULL, 3, 2, 150, '', '2024-10-16 07:18:14', '2024-10-16 07:18:14'),
(5, 1, 4, 4, 1, 10, '', '2024-10-16 09:22:56', '2024-10-16 09:22:56'),
(6, 1, 4, 4, 1, 12, '', '2024-10-16 09:26:19', '2024-10-16 09:26:19'),
(7, 1, NULL, 4, 2, 1.4, 'SFR16102024000004 kodlu sifarişin ödənişində yaranan pulun qalığı', '2024-10-16 10:07:06', '2024-10-16 10:07:06'),
(8, 1, 4, 4, 1, 20, '', '2024-10-16 10:07:06', '2024-10-16 10:07:06');

-- --------------------------------------------------------

--
-- Table structure for table `payment_types`
--

CREATE TABLE `payment_types` (
  `id` int NOT NULL,
  `name` varchar(255) CHARACTER SET utf8mb4 COLLATE utf8mb4_unicode_ci DEFAULT NULL
) ENGINE=InnoDB DEFAULT CHARSET=utf8mb4 COLLATE=utf8mb4_unicode_ci;

--
-- Dumping data for table `payment_types`
--

INSERT INTO `payment_types` (`id`, `name`) VALUES
(1, 'Borc ödənişi'),
(2, 'Balans artımı'),
(3, 'Balansdan çıxarış');

-- --------------------------------------------------------

--
-- Table structure for table `phones`
--

CREATE TABLE `phones` (
  `id` int NOT NULL,
  `user_id` int DEFAULT NULL,
  `item` varchar(255) DEFAULT NULL
) ENGINE=InnoDB DEFAULT CHARSET=utf8mb4 COLLATE=utf8mb4_0900_ai_ci;

--
-- Dumping data for table `phones`
--

INSERT INTO `phones` (`id`, `user_id`, `item`) VALUES
(1, 1, '055-945-85-85'),
(2, 52, '055-312-44-12'),
(20, 4, '050-871-66-06');

-- --------------------------------------------------------

--
-- Table structure for table `products`
--

CREATE TABLE `products` (
  `id` int NOT NULL,
  `name` varchar(255) DEFAULT NULL,
  `note` longtext,
  `visible` int DEFAULT '1'
) ENGINE=InnoDB DEFAULT CHARSET=utf8mb4 COLLATE=utf8mb4_0900_ai_ci;

--
-- Dumping data for table `products`
--

INSERT INTO `products` (`id`, `name`, `note`, `visible`) VALUES
(1, 'velit non dolores', 'Autem a illum ut qui aut consequuntur. Similique architecto maxime dolores molestias architecto omnis hic. Sit et ea provident.', 1),
(2, 'quos temporibus vero', 'Sed aliquid consequatur voluptatum eligendi. Facere quasi dolore optio alias tempore. Earum sint dignissimos labore ipsam. Dignissimos corrupti voluptas aut et.', 0),
(3, 'aut dolore ea', 'Aliquam laboriosam tempore adipisci omnis. Nisi ut totam ut molestias aut molestias facilis. Sunt asperiores perspiciatis quia sit asperiores voluptatem in facere. Veniam a nesciunt modi dolorem.', 1),
(4, 'similique repudiandae ea', 'Saepe voluptate facere hic deserunt nulla et labore. Debitis vitae ab quibusdam ullam.', 1),
(5, 'qui aut omnis', 'Dolore ullam sit ad ullam doloribus eos. Consequatur et ipsa molestias voluptas aut et. Amet aut eos dolore beatae.', 1),
(6, 'porro omnis ea', 'Repudiandae et voluptas est quos. Ut qui fuga voluptatibus possimus quia enim occaecati. Aut temporibus fugiat reprehenderit assumenda blanditiis exercitationem officiis iure. Unde eaque totam ut quis voluptatem. Veritatis dolorem provident harum odio et.', 1),
(7, 'quaerat libero exercitationem', 'Illo vel ut sunt non et veniam. Similique sed inventore veniam vitae.', 0),
(8, 'ullam consequatur suscipit', 'Officia id laudantium aut minus. Cupiditate porro omnis itaque id harum excepturi quis unde. Iusto non inventore omnis quisquam adipisci voluptatem.', 1),
(9, 'iure ea mollitia', 'Suscipit consequatur sunt ut totam aut quam. Laborum explicabo et minus et quia ut. Voluptatem non laudantium necessitatibus quis enim impedit. Voluptas ipsum eos temporibus sequi.', 0),
(10, 'veritatis eos totam', 'Excepturi odio deserunt aut non aut. Autem numquam in ut et. Dignissimos deserunt aspernatur nihil voluptatum.', 1),
(11, 'eius velit quam', 'Recusandae quas aut necessitatibus aut dolorum quibusdam voluptatem. Magnam et molestiae dicta quia laboriosam eius. Quo ab atque officia possimus.', 0),
(12, 'quo aliquam omnis', 'Sunt reiciendis odio aut facere. Qui praesentium aut excepturi dicta. Ad rerum repellendus atque accusantium possimus. Voluptates impedit explicabo quia ut exercitationem qui.', 1),
(13, 'qui vero dolorem', 'Veniam non libero aspernatur autem est. Quis corrupti et recusandae vel sunt. Ut saepe quia incidunt odit qui unde. Voluptas repellendus ea reiciendis et non sunt adipisci. Occaecati eveniet et quaerat assumenda ea.', 1),
(14, 'expedita ipsum amet', 'Dolores et quam expedita vitae qui quo tenetur natus. Quis et libero et natus distinctio in ratione. Omnis iste excepturi sint optio ut nam quibusdam. Non qui fugiat dolorem sed eaque sunt rerum.', 1),
(15, 'hic eum similique', 'Qui unde molestiae quia adipisci numquam aspernatur nobis. Et odio assumenda dolor necessitatibus ad esse ab. Suscipit quos ut quisquam illo. Laborum minus nostrum aut cum dolore deleniti molestiae et.', 1),
(16, 'ut natus iusto', 'Dolor quia consequatur eum provident nam. Explicabo eaque incidunt voluptate aliquid explicabo. Aliquid placeat aperiam sint labore esse sint. Architecto adipisci dicta vel dolore eius omnis.', 1),
(17, 'sit ut hic', 'Labore sed soluta ratione. Aut sed necessitatibus dignissimos perferendis et. Fugiat iure sint aut quia neque. Numquam aperiam maxime aperiam doloremque.', 0),
(18, 'sed possimus deserunt', 'Est omnis similique harum quis rerum tenetur voluptas. Qui maiores minus sed. Doloribus non voluptas inventore unde. Sit facere aut magni earum incidunt voluptatem voluptatem ut.', 1),
(19, 'Məhsul 1', 'Libero quis nostrum recusandae a. Blanditiis numquam eos sunt qui quis eius. Vel ut ut ea alias nisi voluptatem architecto.', 1),
(20, 'repellendus qui est', 'Facere et soluta modi qui. Itaque asperiores et excepturi ad quia distinctio. Est accusantium molestiae eos iusto neque in.', 1),
(21, 'eligendi accusamus dolor', 'Nulla eligendi tenetur quo suscipit inventore mollitia excepturi cumque. Voluptas ut eligendi incidunt maxime explicabo sunt officia.', 1),
(22, 'pariatur qui sed', 'Et aperiam voluptatibus est assumenda consectetur dolore impedit voluptatem. Est nisi quam molestias qui. Perferendis cum consectetur temporibus quos. Et et esse aut nostrum eum expedita.', 0),
(23, 'aut rerum fugiat', 'Amet eos in sed tempora alias. Commodi mollitia doloribus ex exercitationem esse doloribus. Voluptates quod architecto sint dolores et temporibus maiores.', 1),
(24, 'odio laboriosam corrupti', 'Rerum itaque voluptatum fugiat et. Cumque sit sit labore consequatur est. Magni repellendus doloribus impedit illo et non suscipit. Voluptatem vitae maxime officia mollitia officiis.', 1),
(25, 'vel vero aut', 'Doloremque illum enim excepturi sunt quia sed. Ullam quis ea accusantium harum perferendis excepturi. Cupiditate totam velit sint asperiores perspiciatis sunt cum. Labore aspernatur delectus assumenda atque ab voluptatem et.', 0),
(26, 'est magni assumenda', 'Ut animi quis quis similique in inventore facere. Beatae sed et sit animi optio aspernatur. Velit vel voluptatem blanditiis repudiandae ad. Consequuntur dolor inventore id error officia inventore.', 1),
(27, 'ut praesentium ad', 'Nobis cumque possimus est consequatur consectetur earum. Laudantium exercitationem omnis nesciunt maiores corporis natus. Nobis necessitatibus ea qui quibusdam hic reiciendis.', 1),
(28, 'velit ullam possimus', 'In sapiente est corporis cupiditate corrupti sed. Et optio natus aliquid quam in aut. Soluta atque iusto aut dolor maxime velit ut fugit. Sunt non deserunt maxime error.', 0),
(29, 'quia excepturi iusto', 'Ea maxime ex possimus natus qui alias est. Blanditiis nisi omnis omnis excepturi quia inventore. Nemo excepturi perspiciatis ea fugit odit. Ut deleniti dolorum saepe aut nesciunt.', 1),
(30, 'impedit sint ut', 'Vel nesciunt molestiae ab sapiente est. Numquam laborum aperiam nisi consectetur. Labore voluptatum perspiciatis voluptatem quaerat voluptas consequatur voluptatem.', 0),
(31, 'hic odio illum', 'Aperiam eum laboriosam cupiditate enim sit enim. Enim similique dolorem repellat debitis harum earum voluptate. Fugiat molestiae sequi iure. Laboriosam ex officia illum delectus est.', 0),
(32, 'ab repellat magnam', 'Voluptatem ducimus cumque quia est vel eum minus. Recusandae veritatis earum ut sint. Illum omnis sit non et natus illum molestiae ea.', 1),
(33, 'sapiente ipsam saepe', 'Aliquid architecto laudantium voluptatum ratione. Veniam optio eum temporibus quam accusantium aut. Eum ut expedita quis voluptas repudiandae. Id perferendis consequuntur aspernatur dolore omnis veritatis.', 0),
(34, 'placeat consequatur consequatur', 'Dolores quia quo autem perspiciatis. Culpa perferendis quasi voluptas quia quod tempora. Corporis est voluptatem eos. Totam est sequi consequuntur.', 1),
(35, 'nesciunt est cum', 'Qui ea quisquam culpa optio. Quia ut dignissimos dolor architecto et nihil. Et exercitationem accusantium ullam explicabo. Ea eum dolore provident commodi dicta aspernatur cumque.', 1),
(36, 'illo natus laudantium', 'Voluptatem eaque deserunt neque. Officia et qui quam fuga vel. Facere qui enim exercitationem magni hic impedit. Nam tempore vel debitis aperiam. Ratione suscipit saepe aut adipisci voluptates repellendus culpa sequi.', 1),
(37, 'veritatis ipsa adipisci', 'Voluptatem rem nisi modi culpa ducimus ducimus. Officia aut ut ut adipisci ipsam velit qui voluptas. Saepe iure sit maiores magni.', 0),
(38, 'dolorem maxime magnam', 'Ipsam repellendus delectus quas ratione minus sed. Quidem asperiores dolores magnam quaerat eum neque hic. Deleniti pariatur est aperiam provident vel non sit enim. Est quis sequi non adipisci aut inventore. Pariatur nisi molestiae voluptatem asperiores.', 0),
(39, 'qui expedita qui', 'Et earum est reiciendis omnis. Ut alias repellendus sed porro aut. Eligendi quod fuga sunt eum. Qui ipsum est nobis et.', 0),
(40, 'rerum et sit', 'Quia dolorem aut itaque quo quis corrupti. Excepturi rerum blanditiis aut consequuntur recusandae. Cupiditate rem ut et. Sunt voluptatem nobis aut quis corrupti earum. Iusto voluptatibus ullam quaerat qui nisi earum omnis.', 1),
(41, 'sit tempore est', 'Nisi saepe minima velit quo eos adipisci. Doloremque soluta in recusandae aperiam eligendi. Non sint nulla earum.', 0),
(42, 'excepturi veniam ut', 'Quam quis enim doloremque et at quibusdam. Quas fugit ab necessitatibus voluptas. Accusantium officia ea sequi aut blanditiis repellat vero. Aliquam possimus vel et neque voluptatem.', 1),
(43, 'minus ut cupiditate', 'Iure voluptatem fugiat ab. Rerum quo enim odit adipisci. Ut laborum aspernatur ad sint suscipit. Eum repellendus omnis itaque ab aliquid repellendus autem. Accusamus non laudantium vel in voluptatem omnis expedita.', 1),
(44, 'nulla neque ut', 'Eligendi quis voluptatem in aut corporis. Ea quos aut impedit impedit porro illum. Itaque est autem iusto et tenetur eaque. Vero iste aut molestiae aliquid dolore omnis natus non.', 0),
(45, 'quisquam repellendus possimus', 'Eligendi fugiat est sit pariatur. Ullam a sequi quia in. A et et aut distinctio quae odit assumenda perspiciatis.', 0),
(46, 'commodi aliquid eos', 'Maiores neque architecto cum dignissimos alias et enim. Quos consequatur odit dolorum omnis et blanditiis et. Quia eligendi temporibus rem assumenda accusamus. Nulla recusandae voluptatem rem nulla.', 1),
(47, 'Məhsul 2', 'At nesciunt soluta et assumenda quia ea. Nam excepturi quibusdam reiciendis exercitationem officiis sint.', 1),
(48, 'omnis ea aut', 'Est aut consequatur eveniet quis velit sit est laborum. Sequi ipsa odio similique sit eaque dolores. Ipsam cumque nihil atque et quod vel.', 0),
(49, 'reprehenderit id velit', 'Natus omnis aut quae et itaque ipsum hic. Modi nemo omnis quia quibusdam esse officia iure excepturi. Vel accusantium rerum inventore saepe aut rerum. Dignissimos quibusdam eos omnis aliquam.', 0),
(50, 'dolor vel deleniti', 'Quis autem illo eum quis id. Totam eaque saepe libero praesentium nesciunt. Eius ut minus dolorum et est error delectus.', 0),
(51, 'autem molestiae est', 'Quo animi at consequatur dolor repudiandae. Consectetur cupiditate qui debitis sint doloribus. Sit et labore eveniet rerum unde iure. A quis possimus adipisci suscipit dolorem voluptatem sapiente.', 0),
(52, 'delectus minus recusandae', 'Et eligendi fugit soluta voluptates. Id quae qui hic facilis voluptas iusto. Tempora sunt eum quas omnis commodi vitae non voluptas. Non in eos nemo nemo libero doloremque harum.', 1),
(53, 'sed minima exercitationem', 'Unde odio aut voluptates non sunt mollitia ullam. Nemo dicta cumque possimus quis. Voluptatem perspiciatis non ut nam.', 1),
(54, 'sint dicta aut', 'Rem nihil sapiente accusamus. Reiciendis quisquam modi cumque tenetur. Autem quis aut labore labore velit et illo.', 1),
(55, 'cum odit quas', 'Recusandae ut numquam sequi sed ratione odit. Commodi reiciendis expedita nemo dicta. Perspiciatis dolores consectetur totam est vel provident inventore blanditiis. Eos quaerat veritatis corporis.', 1),
(56, 'cumque quod veniam', 'Eius mollitia dolorum non fugit delectus. Autem eligendi et dolore sint doloribus quod delectus. Et maiores vitae dolorem consequatur ad cumque. Tempore harum sunt porro sunt vel quisquam. Tenetur ipsum est rerum in sunt rerum ut.', 0),
(57, 'eos voluptas consequatur', 'Et sit amet ea ut ab. Doloremque sit non inventore aut aut impedit quibusdam. Eveniet doloremque deleniti fuga odio eos necessitatibus. Rerum id voluptatibus suscipit velit rerum molestiae.', 1),
(58, 'qui incidunt unde', 'Corporis odit enim esse dolor aliquid id. Fugiat quasi quidem pariatur quidem non. Laborum voluptas quia minima maxime error similique. Non sequi autem sed perspiciatis rerum et rerum.', 0),
(59, 'possimus velit fugiat', 'Alias ipsam ut sit debitis. Laboriosam doloremque aut ipsam autem nemo est eius. Cupiditate beatae illum accusamus ad neque earum. Quia cumque sit veniam consequatur voluptatum.', 1),
(60, 'quam perspiciatis nulla', 'Sed culpa officia iste modi vel magnam. Temporibus ratione inventore qui aut nobis blanditiis odit. Voluptas mollitia non debitis facilis. Porro veniam ea illo repellendus.', 0);

-- --------------------------------------------------------

--
-- Table structure for table `roles`
--

CREATE TABLE `roles` (
  `id` int NOT NULL,
  `name` varchar(255) CHARACTER SET utf8mb4 COLLATE utf8mb4_unicode_ci DEFAULT NULL
) ENGINE=InnoDB DEFAULT CHARSET=utf8mb4 COLLATE=utf8mb4_unicode_ci;

--
-- Dumping data for table `roles`
--

INSERT INTO `roles` (`id`, `name`) VALUES
(1, 'İcraçı'),
(2, 'Müştəri'),
(3, 'Tədarükçü');

-- --------------------------------------------------------

--
-- Table structure for table `sessions`
--

CREATE TABLE `sessions` (
  `id` varchar(255) CHARACTER SET utf8mb4 COLLATE utf8mb4_unicode_ci NOT NULL,
  `user_id` bigint UNSIGNED DEFAULT NULL,
  `ip_address` varchar(45) CHARACTER SET utf8mb4 COLLATE utf8mb4_unicode_ci DEFAULT NULL,
  `user_agent` text CHARACTER SET utf8mb4 COLLATE utf8mb4_unicode_ci,
  `payload` longtext CHARACTER SET utf8mb4 COLLATE utf8mb4_unicode_ci NOT NULL,
  `last_activity` int NOT NULL
) ENGINE=InnoDB DEFAULT CHARSET=utf8mb4 COLLATE=utf8mb4_unicode_ci;

--
-- Dumping data for table `sessions`
--

INSERT INTO `sessions` (`id`, `user_id`, `ip_address`, `user_agent`, `payload`, `last_activity`) VALUES
('uvgGb7OnkbG7jlK4SMNu9Prk8BP47lC0YABqkEec', 1, '127.0.0.1', 'Mozilla/5.0 (Windows NT 10.0; Win64; x64) AppleWebKit/537.36 (KHTML, like Gecko) Chrome/129.0.0.0 Safari/537.36', 'YTo0OntzOjY6Il90b2tlbiI7czo0MDoienRTSmZjbUJjUldBN2Y0eUlPU0hYMXR4Z2Vqd3FUemlJSVBwYlNGQyI7czo5OiJfcHJldmlvdXMiO2E6MTp7czozOiJ1cmwiO3M6MzY6Imh0dHA6Ly9sb2NhbGhvc3Q6ODAwMC91c2VyL2RldGFpbHMvNCI7fXM6NjoiX2ZsYXNoIjthOjI6e3M6Mzoib2xkIjthOjA6e31zOjM6Im5ldyI7YTowOnt9fXM6NTA6ImxvZ2luX3dlYl81OWJhMzZhZGRjMmIyZjk0MDE1ODBmMDE0YzdmNThlYTRlMzA5ODlkIjtpOjE7fQ==', 1729084605);

-- --------------------------------------------------------

--
-- Table structure for table `update_logs`
--

CREATE TABLE `update_logs` (
  `id` int NOT NULL,
  `user_id` int DEFAULT NULL,
  `order_id` int DEFAULT NULL,
  `payment_id` int DEFAULT NULL,
  `note` longtext,
  `created_at` timestamp NULL DEFAULT NULL
) ENGINE=InnoDB DEFAULT CHARSET=utf8mb4 COLLATE=utf8mb4_0900_ai_ci;

--
-- Dumping data for table `update_logs`
--

INSERT INTO `update_logs` (`id`, `user_id`, `order_id`, `payment_id`, `note`, `created_at`) VALUES
(1, 3, 3, NULL, 'Borc ödənişi edildi.Ödəniş miqdarı :20 AZN', '2024-10-16 09:19:06'),
(2, 4, 4, NULL, 'Borc ödənişi edildi.Ödəniş miqdarı :10 AZN', '2024-10-16 09:22:56'),
(3, 4, 4, NULL, 'Borc ödənişi edildi.Ödəniş miqdarı :12 AZN', '2024-10-16 09:26:19'),
(4, 4, NULL, NULL, 'Borc ödənişinin pul qalığı balansa əlavə olundu', '2024-10-16 10:07:06'),
(5, 4, 4, NULL, 'Borc ödənişi edildi.Ödəniş miqdarı :20 AZN', '2024-10-16 10:07:06'),
(6, 4, NULL, NULL, 'Şəxsi məlumatlar üzərində Ədalət Məmmədli tərəfindən düzəliş edildi.', '2024-10-16 12:57:20');

-- --------------------------------------------------------

--
-- Table structure for table `users`
--

CREATE TABLE `users` (
  `id` int NOT NULL,
  `name` varchar(255) DEFAULT NULL,
  `role_id` int DEFAULT '2',
  `remember_token` varchar(255) DEFAULT NULL,
  `debt` float DEFAULT '0',
  `old_debt` float DEFAULT '0',
  `remnant` float DEFAULT '0',
  `balance` float DEFAULT '0',
  `created_at` timestamp NOT NULL,
  `updated_at` timestamp NULL DEFAULT NULL
) ENGINE=InnoDB DEFAULT CHARSET=utf8mb4 COLLATE=utf8mb4_0900_ai_ci;

--
-- Dumping data for table `users`
--

INSERT INTO `users` (`id`, `name`, `role_id`, `remember_token`, `debt`, `old_debt`, `remnant`, `balance`, `created_at`, `updated_at`) VALUES
(1, 'Ədalət Məmmədli', 1, NULL, 0, 0, 0, 0, '2024-10-15 08:18:57', NULL),
(2, 'Isobel Pacocha', 2, NULL, 0, 0, 0, 581, '1982-05-03 20:00:00', '2024-10-16 06:34:36'),
(3, 'Willow Farrell', 2, NULL, 0, 0, 0, 150, '1984-12-31 20:00:00', '2024-10-16 09:19:06'),
(4, 'Hüseynov Baba', 2, NULL, 0, 0, 0, 5.6, '1999-03-16 20:00:00', '2024-10-16 12:57:20'),
(5, 'Lorine Gaylord', 2, NULL, 0, 0, 0, 0, '1987-12-30 20:00:00', NULL),
(6, 'Orlando Dach', 2, NULL, 0, 0, 0, 0, '1982-08-03 20:00:00', NULL),
(7, 'Mitchel Ryan', 2, NULL, 0, 0, 0, 0, '2001-08-21 20:00:00', NULL),
(8, 'Yasmeen Stamm', 2, NULL, 0, 0, 0, 0, '1972-04-23 20:00:00', NULL),
(9, 'Ms. Shirley Sauer Sr.', 2, NULL, 0, 0, 0, 0, '2017-10-26 20:00:00', NULL),
(10, 'Constance Will', 2, NULL, 0, 0, 0, 0, '2001-09-17 20:00:00', NULL),
(11, 'Kayley Lindgren', 2, NULL, 0, 0, 0, 0, '2022-04-05 20:00:00', NULL),
(12, 'Ms. Jazmyne Turcotte', 2, NULL, 0, 0, 0, 0, '2014-03-20 20:00:00', NULL),
(13, 'Miss Nellie Haley PhD', 2, NULL, 0, 0, 0, 0, '2012-04-05 20:00:00', NULL),
(14, 'Green Friesen', 2, NULL, 0, 0, 0, 0, '1972-08-25 20:00:00', NULL),
(15, 'Christy Haley', 2, NULL, 0, 0, 0, 0, '2014-02-13 20:00:00', NULL),
(16, 'Mina Wilkinson Sr.', 2, NULL, 0, 0, 0, 0, '1986-05-12 20:00:00', NULL),
(17, 'Daron Lakin', 2, NULL, 0, 0, 0, 0, '2017-03-28 20:00:00', NULL),
(18, 'Dr. Raina Marquardt DVM', 2, NULL, 0, 0, 0, 0, '2003-01-25 20:00:00', NULL),
(19, 'Prof. Kelley Bode', 2, NULL, 0, 0, 0, 0, '1991-06-05 20:00:00', NULL),
(20, 'Shanie Ferry', 2, NULL, 0, 0, 0, 0, '2002-08-13 20:00:00', NULL),
(21, 'Dixie Torp', 2, NULL, 0, 0, 0, 0, '2007-09-29 20:00:00', NULL),
(22, 'Francisca Treutel', 2, NULL, 0, 0, 0, 0, '1990-08-21 20:00:00', NULL),
(23, 'Jimmy Collins', 2, NULL, 0, 0, 0, 0, '1976-08-02 20:00:00', NULL),
(24, 'Dr. Brando Fadel', 2, NULL, 0, 0, 0, 0, '1997-04-25 20:00:00', NULL),
(25, 'Nia Schoen', 2, NULL, 0, 0, 0, 0, '1994-03-14 20:00:00', NULL),
(26, 'Brennon Glover', 2, NULL, 0, 0, 0, 0, '2003-06-20 20:00:00', NULL),
(27, 'Vaughn Kuhlman', 2, NULL, 0, 0, 0, 0, '2000-04-16 20:00:00', NULL),
(28, 'Oswaldo Waters', 2, NULL, 0, 0, 0, 0, '2020-09-28 20:00:00', NULL),
(29, 'Dr. Melody Krajcik III', 2, NULL, 0, 0, 0, 0, '2007-04-15 20:00:00', NULL),
(30, 'Lucile Eichmann', 2, NULL, 0, 0, 0, 0, '1978-09-15 20:00:00', NULL),
(31, 'Kristina Effertz', 2, NULL, 0, 0, 0, 0, '1985-05-09 20:00:00', NULL),
(32, 'Rocky Beahan', 2, NULL, 0, 0, 0, 0, '2017-09-25 20:00:00', NULL),
(33, 'Ubaldo Altenwerth I', 2, NULL, 0, 0, 0, 0, '1992-12-04 20:00:00', NULL),
(34, 'Dion Stark', 2, NULL, 0, 0, 0, 0, '1975-01-29 20:00:00', NULL),
(35, 'Tyler Keeling', 2, NULL, 0, 0, 0, 0, '2002-09-29 20:00:00', NULL),
(36, 'Mr. Hailey Murphy', 2, NULL, 0, 0, 0, 0, '2006-02-23 20:00:00', NULL),
(37, 'Teagan Oberbrunner', 2, NULL, 0, 0, 0, 0, '1993-05-27 20:00:00', NULL),
(38, 'Jermey Berge', 2, NULL, 0, 0, 0, 0, '1996-07-01 20:00:00', NULL),
(39, 'Wyman Hudson', 2, NULL, 0, 0, 0, 0, '1986-04-30 20:00:00', NULL),
(40, 'Prof. Sophie Becker', 2, NULL, 0, 0, 0, 0, '2018-08-24 20:00:00', NULL),
(41, 'Norberto McLaughlin', 2, NULL, 0, 0, 0, 0, '2015-12-27 20:00:00', NULL),
(42, 'Ansel Strosin', 2, NULL, 0, 0, 0, 0, '2010-08-26 20:00:00', NULL),
(43, 'Mr. Moises Towne PhD', 2, NULL, 0, 0, 0, 0, '2017-11-07 20:00:00', NULL),
(44, 'Mittie Erdman', 2, NULL, 0, 0, 0, 0, '2024-01-11 20:00:00', NULL),
(45, 'Macey Little', 2, NULL, 0, 0, 0, 0, '1972-12-14 20:00:00', NULL),
(46, 'Cristina Ankunding', 2, NULL, 0, 0, 0, 0, '1994-09-19 20:00:00', NULL),
(47, 'Lance Rice', 2, NULL, 0, 0, 0, 0, '2011-11-25 20:00:00', NULL),
(48, 'Dock Bashirian PhD', 2, NULL, 0, 0, 0, 0, '2020-09-01 20:00:00', NULL),
(49, 'Dr. Lorna Bogan', 2, NULL, 0, 0, 0, 0, '1990-09-17 20:00:00', NULL),
(50, 'Mrs. Mable Satterfield', 2, NULL, 0, 0, 0, 0, '2003-10-09 20:00:00', NULL),
(51, 'Prof. Cicero Cummings IV', 2, NULL, 0, 0, 0, 0, '1980-01-26 20:00:00', NULL),
(52, 'Kamran Rəhimzadə', 2, NULL, 0, 0, 0, 0, '2024-10-15 08:24:25', '2024-10-15 08:24:25'),
(53, 'Dejah Lemke', 2, NULL, 0, 0, 0, 0, '2011-04-18 20:00:00', NULL),
(54, 'Deion Sporer', 2, NULL, 0, 0, 0, 0, '1977-04-13 20:00:00', NULL),
(55, 'Mr. Jeffry Adams', 2, NULL, 0, 0, 0, 0, '1984-02-01 20:00:00', NULL),
(56, 'Norberto Jenkins', 2, NULL, 0, 0, 0, 0, '1991-10-15 20:00:00', NULL),
(57, 'Garfield Spencer', 2, NULL, 0, 0, 0, 0, '1992-04-01 20:00:00', NULL),
(58, 'Bertha Marquardt', 2, NULL, 0, 0, 0, 0, '1998-01-21 20:00:00', NULL),
(59, 'Ms. Citlalli Moore DDS', 2, NULL, 0, 0, 0, 0, '1987-07-02 20:00:00', NULL),
(60, 'Bonnie Schuster', 2, NULL, 0, 0, 0, 0, '2010-01-16 20:00:00', NULL),
(61, 'Ryann Kuphal', 2, NULL, 0, 0, 0, 0, '1986-01-27 20:00:00', NULL),
(62, 'Ms. Malika Carroll IV', 2, NULL, 0, 0, 0, 0, '2006-09-03 20:00:00', NULL),
(63, 'Torrey Hill', 2, NULL, 0, 0, 0, 0, '1998-06-29 20:00:00', NULL),
(64, 'Jocelyn Kshlerin', 2, NULL, 0, 0, 0, 0, '1995-06-23 20:00:00', NULL),
(65, 'Amari Harvey', 2, NULL, 0, 0, 0, 0, '1986-12-19 20:00:00', NULL),
(66, 'Mr. Emerson Beer DDS', 2, NULL, 0, 0, 0, 0, '1987-01-27 20:00:00', NULL),
(67, 'Prof. Elenora Zemlak Jr.', 2, NULL, 0, 0, 0, 0, '1976-03-06 20:00:00', NULL),
(68, 'Hellen Klein I', 2, NULL, 0, 0, 0, 0, '1976-04-22 20:00:00', NULL),
(69, 'Prof. Ruben Hill V', 2, NULL, 0, 0, 0, 0, '2024-04-04 20:00:00', NULL),
(70, 'Vada Schmeler', 2, NULL, 0, 0, 0, 0, '1982-04-02 20:00:00', NULL),
(71, 'Ayla Collins', 2, NULL, 0, 0, 0, 0, '2017-01-11 20:00:00', NULL),
(72, 'Clara Schuppe', 2, NULL, 0, 0, 0, 0, '1998-05-20 20:00:00', NULL),
(73, 'Garnett Lynch MD', 2, NULL, 0, 0, 0, 0, '1994-04-27 20:00:00', NULL),
(74, 'Israel Upton', 2, NULL, 0, 0, 0, 0, '2008-12-17 20:00:00', NULL),
(75, 'Libby Bergstrom', 2, NULL, 0, 0, 0, 0, '2001-11-01 20:00:00', NULL),
(76, 'Claude Stehr', 2, NULL, 0, 0, 0, 0, '2000-06-24 20:00:00', NULL),
(77, 'Dominic Klocko III', 2, NULL, 0, 0, 0, 0, '1987-11-12 20:00:00', NULL),
(78, 'Noemie Hudson', 2, NULL, 0, 0, 0, 0, '1997-05-22 20:00:00', NULL),
(79, 'Laury Botsford', 2, NULL, 0, 0, 0, 0, '1981-06-22 20:00:00', NULL),
(80, 'Sandrine Schaefer', 2, NULL, 0, 0, 0, 0, '1992-12-03 20:00:00', NULL),
(81, 'Arnulfo Wunsch', 2, NULL, 0, 0, 0, 0, '1977-10-26 20:00:00', NULL),
(82, 'Dena Reichert DDS', 2, NULL, 0, 0, 0, 0, '1981-07-28 20:00:00', NULL),
(83, 'Dr. Judson Zemlak V', 2, NULL, 0, 0, 0, 0, '1989-05-20 20:00:00', NULL),
(84, 'Rod Wuckert', 2, NULL, 0, 0, 0, 0, '1987-04-20 20:00:00', NULL),
(85, 'Nadia Beahan', 2, NULL, 0, 0, 0, 0, '1973-10-26 20:00:00', NULL),
(86, 'Adell Gerhold', 2, NULL, 0, 0, 0, 0, '1995-07-10 20:00:00', NULL),
(87, 'Ms. Arianna Marvin MD', 2, NULL, 0, 0, 0, 0, '1977-06-07 20:00:00', NULL),
(88, 'Mrs. Katelin Kris', 2, NULL, 0, 0, 0, 0, '1983-01-22 20:00:00', NULL),
(89, 'Irving Dickinson', 2, NULL, 0, 0, 0, 0, '2014-05-01 20:00:00', NULL),
(90, 'Yvonne Hintz', 2, NULL, 0, 0, 0, 0, '1997-05-10 20:00:00', NULL),
(91, 'Ms. Taya DuBuque', 2, NULL, 0, 0, 0, 0, '1980-03-05 20:00:00', NULL),
(92, 'Ms. Jadyn Corwin', 2, NULL, 0, 0, 0, 0, '1970-09-30 20:00:00', NULL),
(93, 'Juston Dickinson', 2, NULL, 0, 0, 0, 0, '1984-04-20 20:00:00', NULL),
(94, 'Hilma O\'Hara', 2, NULL, 0, 0, 0, 0, '2002-12-24 20:00:00', NULL),
(95, 'Prof. Berenice Leannon', 2, NULL, 0, 0, 0, 0, '1992-12-26 20:00:00', NULL),
(96, 'Herbert Jacobi DDS', 2, NULL, 0, 0, 0, 0, '1978-03-17 20:00:00', NULL),
(97, 'Carmella Towne', 2, NULL, 0, 0, 0, 0, '2013-04-22 20:00:00', NULL),
(98, 'Marlene Stanton', 2, NULL, 0, 0, 0, 0, '2017-05-31 20:00:00', NULL),
(99, 'London Bogan', 2, NULL, 0, 0, 0, 0, '2009-05-17 20:00:00', NULL),
(100, 'Mrs. Arlie Hilpert', 2, NULL, 0, 0, 0, 0, '1989-08-21 20:00:00', NULL),
(101, 'Thomas Cassin Jr.', 2, NULL, 0, 0, 0, 0, '1996-09-04 20:00:00', NULL),
(102, 'Dr. Murphy Robel', 2, NULL, 0, 0, 0, 0, '1998-06-23 20:00:00', NULL),
(103, 'Hillard Hyatt MD', 2, NULL, 0, 0, 0, 0, '1984-03-19 20:00:00', NULL),
(104, 'Marianne McKenzie', 2, NULL, 0, 0, 0, 0, '1992-09-21 20:00:00', NULL),
(105, 'Roxanne Lemke', 2, NULL, 0, 0, 0, 0, '2006-04-19 20:00:00', NULL),
(106, 'Tod Gulgowski', 2, NULL, 0, 0, 0, 0, '1977-08-01 20:00:00', NULL),
(107, 'Dasia Herzog IV', 2, NULL, 0, 0, 0, 0, '2012-11-21 20:00:00', NULL),
(108, 'Mrs. Sierra Langosh MD', 2, NULL, 0, 0, 0, 0, '1990-09-01 20:00:00', NULL),
(109, 'Shaniya Mohr', 2, NULL, 0, 0, 0, 0, '1991-06-21 20:00:00', NULL),
(110, 'Carlo Watsica', 2, NULL, 0, 0, 0, 0, '2011-10-13 20:00:00', NULL),
(111, 'Vita Runte', 2, NULL, 0, 0, 0, 0, '2024-05-12 20:00:00', NULL),
(112, 'Prof. Cameron Fisher V', 2, NULL, 0, 0, 0, 0, '1993-01-30 20:00:00', NULL),
(113, 'Ms. Sibyl Morar', 2, NULL, 0, 0, 0, 0, '2012-06-18 20:00:00', NULL),
(114, 'Prof. Jeanie Cormier I', 2, NULL, 0, 0, 0, 0, '1987-09-26 20:00:00', NULL),
(115, 'Prof. Quincy Pagac', 2, NULL, 0, 0, 0, 0, '2004-04-17 20:00:00', NULL),
(116, 'Floy Satterfield III', 2, NULL, 0, 0, 0, 0, '1988-09-18 20:00:00', NULL),
(117, 'Mr. Keyon Hessel DVM', 2, NULL, 0, 0, 0, 0, '2007-09-12 20:00:00', NULL),
(118, 'Geovany Watsica', 2, NULL, 0, 0, 0, 0, '2002-12-23 20:00:00', NULL),
(119, 'Linda Cormier', 2, NULL, 0, 0, 0, 0, '2010-09-28 20:00:00', NULL),
(120, 'Mr. Barney Hauck', 2, NULL, 0, 0, 0, 0, '2004-10-05 20:00:00', NULL),
(121, 'Dr. Zackary Fritsch', 2, NULL, 0, 0, 0, 0, '2022-06-13 20:00:00', NULL),
(122, 'Ms. Tania Mraz', 2, NULL, 0, 0, 0, 0, '1997-09-08 20:00:00', NULL),
(123, 'Richmond West', 2, NULL, 0, 0, 0, 0, '1990-10-19 20:00:00', NULL),
(124, 'Laurel Wisoky', 2, NULL, 0, 0, 0, 0, '2002-12-06 20:00:00', NULL),
(125, 'Tyson Jones', 2, NULL, 0, 0, 0, 0, '2006-05-11 20:00:00', NULL),
(126, 'Zander Schulist IV', 2, NULL, 0, 0, 0, 0, '1990-04-14 20:00:00', NULL),
(127, 'Gideon Beatty', 2, NULL, 0, 0, 0, 0, '2000-05-12 20:00:00', NULL),
(128, 'Prof. Raina Barton', 2, NULL, 0, 0, 0, 0, '2012-02-29 20:00:00', NULL),
(129, 'Shaniya Murphy DVM', 2, NULL, 0, 0, 0, 0, '1993-06-22 20:00:00', NULL),
(130, 'Miss Maggie Baumbach PhD', 2, NULL, 0, 0, 0, 0, '1986-11-08 20:00:00', NULL),
(131, 'Kattie Smitham', 2, NULL, 0, 0, 0, 0, '2009-10-11 20:00:00', NULL),
(132, 'Lina Paucek', 2, NULL, 0, 0, 0, 0, '1972-11-22 20:00:00', NULL),
(133, 'Ms. Queenie Tromp', 2, NULL, 0, 0, 0, 0, '2020-04-12 20:00:00', NULL),
(134, 'Vernice Lueilwitz I', 2, NULL, 0, 0, 0, 0, '1986-04-27 20:00:00', NULL),
(135, 'Dr. Cortez Cole', 2, NULL, 0, 0, 0, 0, '1973-05-20 20:00:00', NULL),
(136, 'Mr. Oscar Brakus II', 2, NULL, 0, 0, 0, 0, '1979-07-20 20:00:00', NULL),
(137, 'Hortense Barrows', 2, NULL, 0, 0, 0, 0, '1998-11-17 20:00:00', NULL),
(138, 'Mateo Mosciski', 2, NULL, 0, 0, 0, 0, '2005-06-12 20:00:00', NULL),
(139, 'Blaze Anderson', 2, NULL, 0, 0, 0, 0, '1984-09-23 20:00:00', NULL),
(140, 'Dr. Donnie Gerlach Sr.', 2, NULL, 0, 0, 0, 0, '2000-04-21 20:00:00', NULL),
(141, 'Tamia Barton I', 2, NULL, 0, 0, 0, 0, '2022-02-26 20:00:00', NULL),
(142, 'Mr. Wayne Heaney', 2, NULL, 0, 0, 0, 0, '1998-09-18 20:00:00', NULL),
(143, 'Yadira Medhurst', 2, NULL, 0, 0, 0, 0, '2023-08-25 20:00:00', NULL),
(144, 'Kattie Langosh', 2, NULL, 0, 0, 0, 0, '2019-11-21 20:00:00', NULL),
(145, 'Koby Hayes', 2, NULL, 0, 0, 0, 0, '1989-04-25 20:00:00', NULL),
(146, 'Sarina Hodkiewicz', 2, NULL, 0, 0, 0, 0, '2006-05-26 20:00:00', NULL),
(147, 'Mallory Wiegand', 2, NULL, 0, 0, 0, 0, '2003-10-21 20:00:00', NULL),
(148, 'Ms. Gwen Leffler IV', 2, NULL, 0, 0, 0, 0, '2012-07-29 20:00:00', NULL),
(149, 'Clarabelle Mitchell', 2, NULL, 0, 0, 0, 0, '2015-07-28 20:00:00', NULL),
(150, 'Miss Dariana Wilkinson IV', 2, NULL, 0, 0, 0, 0, '1975-06-27 20:00:00', NULL),
(151, 'Santos Wehner', 2, NULL, 0, 0, 0, 0, '2021-08-29 20:00:00', NULL),
(152, 'Noble Walter', 2, NULL, 0, 0, 0, 0, '1982-12-16 20:00:00', NULL),
(153, 'Donna Lockman', 2, NULL, 0, 0, 0, 0, '2020-09-24 20:00:00', NULL),
(154, 'Alphonso Mante', 2, NULL, 0, 0, 0, 0, '2013-02-10 20:00:00', NULL),
(155, 'Prof. Araceli Runolfsdottir II', 2, NULL, 0, 0, 0, 0, '2000-06-28 20:00:00', NULL),
(156, 'Amir Rodriguez PhD', 2, NULL, 0, 0, 0, 0, '1982-09-03 20:00:00', NULL),
(157, 'Liliana Feeney DDS', 2, NULL, 0, 0, 0, 0, '1978-12-01 20:00:00', NULL),
(158, 'Mr. Casimir King IV', 2, NULL, 0, 0, 0, 0, '1974-08-13 20:00:00', NULL),
(159, 'Dr. Stephany Keeling Sr.', 2, NULL, 0, 0, 0, 0, '2019-02-14 20:00:00', NULL),
(160, 'Riley Keebler', 2, NULL, 0, 0, 0, 0, '2007-08-07 20:00:00', NULL),
(161, 'Jeanette Boyer', 2, NULL, 0, 0, 0, 0, '1988-06-23 20:00:00', NULL),
(162, 'Prof. Derrick Reinger II', 2, NULL, 0, 0, 0, 0, '2001-03-04 20:00:00', NULL),
(163, 'Prof. Edythe Eichmann DVM', 2, NULL, 0, 0, 0, 0, '1974-04-24 20:00:00', NULL),
(164, 'Sammie Pouros', 2, NULL, 0, 0, 0, 0, '2020-12-29 20:00:00', NULL),
(165, 'Ida Murray', 2, NULL, 0, 0, 0, 0, '1993-03-07 20:00:00', NULL),
(166, 'Prof. Sylvan Heaney Sr.', 2, NULL, 0, 0, 0, 0, '2020-11-24 20:00:00', NULL),
(167, 'Cesar Lang', 2, NULL, 0, 0, 0, 0, '2013-01-30 20:00:00', NULL),
(168, 'Kamille Mayert', 2, NULL, 0, 0, 0, 0, '1974-11-28 20:00:00', NULL),
(169, 'Miss Millie Romaguera III', 2, NULL, 0, 0, 0, 0, '2006-07-13 20:00:00', NULL),
(170, 'Maggie Marvin', 2, NULL, 0, 0, 0, 0, '1985-07-21 20:00:00', NULL),
(171, 'Ivah Turcotte', 2, NULL, 0, 0, 0, 0, '1975-09-09 20:00:00', NULL),
(172, 'Keshawn Powlowski PhD', 2, NULL, 0, 0, 0, 0, '1982-08-20 20:00:00', NULL),
(173, 'Arianna Haley', 2, NULL, 0, 0, 0, 0, '2014-07-07 20:00:00', NULL),
(174, 'Ms. Lesly Wisoky', 2, NULL, 0, 0, 0, 0, '2010-08-03 20:00:00', NULL),
(175, 'Dr. Lawson Grady', 2, NULL, 0, 0, 0, 0, '1986-11-02 20:00:00', NULL),
(176, 'Mia Pfeffer', 2, NULL, 0, 0, 0, 0, '1974-07-12 20:00:00', NULL),
(177, 'Sonya Tromp', 2, NULL, 0, 0, 0, 0, '1989-07-11 20:00:00', NULL),
(178, 'Hope Stamm', 2, NULL, 0, 0, 0, 0, '2005-04-21 20:00:00', NULL),
(179, 'Dr. Lorenzo Bayer', 2, NULL, 0, 0, 0, 0, '2005-09-06 20:00:00', NULL),
(180, 'Gwendolyn Friesen', 2, NULL, 0, 0, 0, 0, '1987-03-14 20:00:00', NULL),
(181, 'Kathleen Keebler', 2, NULL, 0, 0, 0, 0, '1985-07-01 20:00:00', NULL),
(182, 'London Feest PhD', 2, NULL, 0, 0, 0, 0, '1977-12-15 20:00:00', NULL),
(183, 'Kiara Schultz', 2, NULL, 0, 0, 0, 0, '1994-09-15 20:00:00', NULL),
(184, 'Mr. Allen Kling', 2, NULL, 0, 0, 0, 0, '2021-08-09 20:00:00', NULL),
(185, 'Carter Legros DVM', 2, NULL, 0, 0, 0, 0, '2022-11-12 20:00:00', NULL),
(186, 'Tyrique Dickinson', 2, NULL, 0, 0, 0, 0, '1980-03-22 20:00:00', NULL),
(187, 'Dr. Lauren Macejkovic IV', 2, NULL, 0, 0, 0, 0, '2002-10-05 20:00:00', NULL),
(188, 'Trudie Morar', 2, NULL, 0, 0, 0, 0, '1971-10-22 20:00:00', NULL),
(189, 'Dr. Kattie Spinka III', 2, NULL, 0, 0, 0, 0, '1986-06-30 20:00:00', NULL),
(190, 'Alfonso Funk Sr.', 2, NULL, 0, 0, 0, 0, '2009-02-23 20:00:00', NULL),
(191, 'Wilhelm Batz', 2, NULL, 0, 0, 0, 0, '1996-01-18 20:00:00', NULL),
(192, 'Ms. Cordie Yost', 2, NULL, 0, 0, 0, 0, '1979-03-25 20:00:00', NULL),
(193, 'Wava Wyman', 2, NULL, 0, 0, 0, 0, '1996-11-13 20:00:00', NULL),
(194, 'Julie Upton', 2, NULL, 0, 0, 0, 0, '1992-10-27 20:00:00', NULL),
(195, 'Dr. Elissa Stark', 2, NULL, 0, 0, 0, 0, '1993-04-22 20:00:00', NULL),
(196, 'Lora Smith', 2, NULL, 0, 0, 0, 0, '1993-05-21 20:00:00', NULL),
(197, 'Lilla Morar', 2, NULL, 0, 0, 0, 0, '1992-09-21 20:00:00', NULL),
(198, 'Bulah Zulauf', 2, NULL, 0, 0, 0, 0, '1997-06-15 20:00:00', NULL),
(199, 'Raul Spinka', 2, NULL, 0, 0, 0, 0, '1990-05-28 20:00:00', NULL),
(200, 'Kaden Pouros', 2, NULL, 0, 0, 0, 0, '2007-06-06 20:00:00', NULL),
(201, 'Prof. Sheridan Ankunding I', 2, NULL, 0, 0, 0, 0, '1980-09-25 20:00:00', NULL),
(202, 'Adolfo Vandervort', 2, NULL, 0, 0, 0, 0, '2006-03-14 20:00:00', NULL),
(203, 'Mr. Albert Medhurst MD', 2, NULL, 0, 0, 0, 0, '1986-08-13 20:00:00', NULL),
(204, 'Prof. Roberto McCullough', 2, NULL, 0, 0, 0, 0, '1996-06-19 20:00:00', NULL),
(205, 'Ms. Marlee Bergnaum', 2, NULL, 0, 0, 0, 0, '2006-07-25 20:00:00', NULL),
(206, 'Kevon Heathcote', 2, NULL, 0, 0, 0, 0, '1986-05-26 20:00:00', NULL),
(207, 'Samantha Jacobs Jr.', 2, NULL, 0, 0, 0, 0, '2012-09-30 20:00:00', NULL),
(208, 'Prof. Sanford Anderson Sr.', 2, NULL, 0, 0, 0, 0, '2007-11-26 20:00:00', NULL),
(209, 'Dr. Trace Monahan', 2, NULL, 0, 0, 0, 0, '2021-12-10 20:00:00', NULL),
(210, 'Jettie Daniel', 2, NULL, 0, 0, 0, 0, '2014-03-28 20:00:00', NULL),
(211, 'Brad Morissette', 2, NULL, 0, 0, 0, 0, '1991-10-13 20:00:00', NULL),
(212, 'Mrs. Berenice Spinka', 2, NULL, 0, 0, 0, 0, '1999-11-22 20:00:00', NULL),
(213, 'Genesis Klocko', 2, NULL, 0, 0, 0, 0, '2019-06-05 20:00:00', NULL),
(214, 'Zita Dibbert', 2, NULL, 0, 0, 0, 0, '1976-05-23 20:00:00', NULL),
(215, 'Maeve Breitenberg', 2, NULL, 0, 0, 0, 0, '1986-04-14 20:00:00', NULL),
(216, 'Prof. Ed Casper MD', 2, NULL, 0, 0, 0, 0, '2007-06-04 20:00:00', NULL),
(217, 'Dedrick Pfannerstill', 2, NULL, 0, 0, 0, 0, '1998-11-06 20:00:00', NULL),
(218, 'Rubie Leannon', 2, NULL, 0, 0, 0, 0, '2015-08-19 20:00:00', NULL),
(219, 'Valerie Kohler', 2, NULL, 0, 0, 0, 0, '2009-07-31 20:00:00', NULL),
(220, 'Juvenal Hamill', 2, NULL, 0, 0, 0, 0, '1989-01-23 20:00:00', NULL),
(221, 'Kayden Purdy DVM', 2, NULL, 0, 0, 0, 0, '1984-11-04 20:00:00', NULL),
(222, 'Prof. Brian Fisher I', 2, NULL, 0, 0, 0, 0, '2021-06-19 20:00:00', NULL),
(223, 'Selena Abbott', 2, NULL, 0, 0, 0, 0, '1994-06-08 20:00:00', NULL),
(224, 'Maiya Zulauf', 2, NULL, 0, 0, 0, 0, '2004-12-01 20:00:00', NULL),
(225, 'Miss Judy Romaguera DVM', 2, NULL, 0, 0, 0, 0, '2006-05-20 20:00:00', NULL),
(226, 'Miss Juanita Stiedemann Jr.', 2, NULL, 0, 0, 0, 0, '2018-09-06 20:00:00', NULL),
(227, 'Karolann O\'Conner', 2, NULL, 0, 0, 0, 0, '1983-03-16 20:00:00', NULL),
(228, 'Lucienne Prohaska', 2, NULL, 0, 0, 0, 0, '1983-03-12 20:00:00', NULL),
(229, 'Sam Gulgowski', 2, NULL, 0, 0, 0, 0, '1980-02-09 20:00:00', NULL),
(230, 'Asha Wisozk', 2, NULL, 0, 0, 0, 0, '1976-06-11 20:00:00', NULL),
(231, 'Jamie Homenick', 2, NULL, 0, 0, 0, 0, '1973-04-28 20:00:00', NULL),
(232, 'Brian Pfeffer', 2, NULL, 0, 0, 0, 0, '1995-03-06 20:00:00', NULL),
(233, 'Prof. Reyes Turcotte MD', 2, NULL, 0, 0, 0, 0, '1990-09-15 20:00:00', NULL),
(234, 'Krystel Hahn', 2, NULL, 0, 0, 0, 0, '2008-11-18 20:00:00', NULL),
(235, 'Jeramie Barrows V', 2, NULL, 0, 0, 0, 0, '1977-11-11 20:00:00', NULL),
(236, 'Hailee Nolan', 2, NULL, 0, 0, 0, 0, '2012-10-27 20:00:00', NULL),
(237, 'Dr. Geraldine Larson', 2, NULL, 0, 0, 0, 0, '2006-11-09 20:00:00', NULL),
(238, 'Madison Hammes', 2, NULL, 0, 0, 0, 0, '1991-11-29 20:00:00', NULL),
(239, 'Ms. Meaghan Gorczany', 2, NULL, 0, 0, 0, 0, '1993-09-18 20:00:00', NULL),
(240, 'Viola Nienow V', 2, NULL, 0, 0, 0, 0, '2011-01-23 20:00:00', NULL),
(241, 'Brad Metz I', 2, NULL, 0, 0, 0, 0, '2014-03-18 20:00:00', NULL),
(242, 'Herminio Pfannerstill', 2, NULL, 0, 0, 0, 0, '2019-07-05 20:00:00', NULL),
(243, 'Valentine Labadie', 2, NULL, 0, 0, 0, 0, '1978-11-25 20:00:00', NULL),
(244, 'Gerard Aufderhar PhD', 2, NULL, 0, 0, 0, 0, '2014-04-09 20:00:00', NULL),
(245, 'Zoe O\'Kon', 2, NULL, 0, 0, 0, 0, '2002-05-01 20:00:00', NULL),
(246, 'Ms. Sabryna Auer II', 2, NULL, 0, 0, 0, 0, '2015-07-10 20:00:00', NULL),
(247, 'Noah Jast', 2, NULL, 0, 0, 0, 0, '1986-01-10 20:00:00', NULL),
(248, 'Jewell Strosin', 2, NULL, 0, 0, 0, 0, '2022-03-11 20:00:00', NULL),
(249, 'Asha Gutkowski', 2, NULL, 0, 0, 0, 0, '2004-05-15 20:00:00', NULL),
(250, 'Bernita Schaden', 2, NULL, 0, 0, 0, 0, '2021-04-12 20:00:00', NULL),
(251, 'Prof. Deron Olson DVM', 2, NULL, 0, 0, 0, 0, '2019-08-26 20:00:00', NULL),
(252, 'Aliyah Rempel', 2, NULL, 0, 0, 0, 0, '1973-03-26 20:00:00', NULL),
(253, 'Ms. Camille Gislason', 2, NULL, 0, 0, 0, 0, '2008-11-22 20:00:00', NULL),
(254, 'Katharina Daniel', 2, NULL, 0, 0, 0, 0, '1970-01-13 20:00:00', NULL),
(255, 'Prof. Bobbie Towne', 2, NULL, 0, 0, 0, 0, '2008-07-19 20:00:00', NULL),
(256, 'Rosalia Beatty', 2, NULL, 0, 0, 0, 0, '2011-10-20 20:00:00', NULL),
(257, 'Sean Murazik', 2, NULL, 0, 0, 0, 0, '1973-06-21 20:00:00', NULL),
(258, 'Berenice Flatley DVM', 2, NULL, 0, 0, 0, 0, '1984-05-28 20:00:00', NULL),
(259, 'Prof. Trenton Hackett IV', 2, NULL, 0, 0, 0, 0, '1972-09-07 20:00:00', NULL),
(260, 'Andres Wilderman', 2, NULL, 0, 0, 0, 0, '1988-11-26 20:00:00', NULL),
(261, 'Malachi Fritsch', 2, NULL, 0, 0, 0, 0, '1996-11-30 20:00:00', NULL),
(262, 'Adele Friesen PhD', 2, NULL, 0, 0, 0, 0, '1991-03-20 20:00:00', NULL),
(263, 'Elinore Ortiz', 2, NULL, 0, 0, 0, 0, '1995-06-28 20:00:00', NULL),
(264, 'Guido Donnelly', 2, NULL, 0, 0, 0, 0, '1996-12-16 20:00:00', NULL),
(265, 'Katherine Nader', 2, NULL, 0, 0, 0, 0, '1997-04-22 20:00:00', NULL),
(266, 'Caroline Quitzon', 2, NULL, 0, 0, 0, 0, '1974-12-23 20:00:00', NULL),
(267, 'Erika Hoppe', 2, NULL, 0, 0, 0, 0, '1977-09-08 20:00:00', NULL),
(268, 'Prof. Joan Hudson PhD', 2, NULL, 0, 0, 0, 0, '2022-07-02 20:00:00', NULL),
(269, 'Alberto Schaden', 2, NULL, 0, 0, 0, 0, '2009-08-18 20:00:00', NULL),
(270, 'Andy Rath MD', 2, NULL, 0, 0, 0, 0, '1990-02-05 20:00:00', NULL),
(271, 'Prof. Chelsey Renner I', 2, NULL, 0, 0, 0, 0, '1993-10-30 20:00:00', NULL),
(272, 'Mr. Giovanny Weissnat II', 2, NULL, 0, 0, 0, 0, '1994-01-11 20:00:00', NULL),
(273, 'Sunny Connelly II', 2, NULL, 0, 0, 0, 0, '2010-10-22 20:00:00', NULL),
(274, 'Katelin O\'Connell', 2, NULL, 0, 0, 0, 0, '2009-11-05 20:00:00', NULL),
(275, 'Zander Cronin', 2, NULL, 0, 0, 0, 0, '1982-08-16 20:00:00', NULL),
(276, 'Edmund Harris', 2, NULL, 0, 0, 0, 0, '1982-10-28 20:00:00', NULL),
(277, 'Junior Walker', 2, NULL, 0, 0, 0, 0, '2014-02-10 20:00:00', NULL),
(278, 'Carolyn Abbott', 2, NULL, 0, 0, 0, 0, '1980-07-29 20:00:00', NULL),
(279, 'Prof. Jerome Von', 2, NULL, 0, 0, 0, 0, '2006-08-10 20:00:00', NULL),
(280, 'Prof. Vella Hoppe', 2, NULL, 0, 0, 0, 0, '2017-09-12 20:00:00', NULL),
(281, 'Prof. Ryleigh Cole Sr.', 2, NULL, 0, 0, 0, 0, '1982-03-17 20:00:00', NULL),
(282, 'Kolby Hahn Sr.', 2, NULL, 0, 0, 0, 0, '1999-01-23 20:00:00', NULL),
(283, 'Hardy King', 2, NULL, 0, 0, 0, 0, '2023-12-23 20:00:00', NULL),
(284, 'Gennaro Stokes', 2, NULL, 0, 0, 0, 0, '1998-11-11 20:00:00', NULL),
(285, 'Julie Schaden V', 2, NULL, 0, 0, 0, 0, '1994-03-05 20:00:00', NULL),
(286, 'Valentine Witting DVM', 2, NULL, 0, 0, 0, 0, '2021-03-17 20:00:00', NULL),
(287, 'Tremayne Senger V', 2, NULL, 0, 0, 0, 0, '1972-03-26 20:00:00', NULL),
(288, 'Yvette Lebsack', 2, NULL, 0, 0, 0, 0, '1995-09-18 20:00:00', NULL),
(289, 'Eduardo Powlowski', 2, NULL, 0, 0, 0, 0, '2019-12-31 20:00:00', NULL),
(290, 'Asia Schuster', 2, NULL, 0, 0, 0, 0, '1983-01-19 20:00:00', NULL),
(291, 'Cordelia Lind DVM', 2, NULL, 0, 0, 0, 0, '1970-03-20 20:00:00', NULL),
(292, 'Bart Murazik', 2, NULL, 0, 0, 0, 0, '2020-09-07 20:00:00', NULL),
(293, 'Prof. Nora McGlynn', 2, NULL, 0, 0, 0, 0, '2022-10-02 20:00:00', NULL),
(294, 'Anabelle Kassulke', 2, NULL, 0, 0, 0, 0, '1980-11-20 20:00:00', NULL),
(295, 'Alberta Funk', 2, NULL, 0, 0, 0, 0, '1972-09-16 20:00:00', NULL),
(296, 'Devon Cole', 2, NULL, 0, 0, 0, 0, '1972-11-02 20:00:00', NULL),
(297, 'Sage Feest', 2, NULL, 0, 0, 0, 0, '2000-07-28 20:00:00', NULL),
(298, 'Mr. Dylan Waters Sr.', 2, NULL, 0, 0, 0, 0, '1971-04-07 20:00:00', NULL),
(299, 'Mossie Will', 2, NULL, 0, 0, 0, 0, '2021-08-18 20:00:00', NULL),
(300, 'Ephraim Cruickshank', 2, NULL, 0, 0, 0, 0, '1991-08-25 20:00:00', NULL),
(301, 'Beverly Okuneva', 2, NULL, 0, 0, 0, 0, '2004-10-02 20:00:00', NULL),
(302, 'Katharina Erdman', 2, NULL, 0, 0, 0, 0, '1972-03-13 20:00:00', NULL),
(303, 'Dr. Rosetta Nitzsche MD', 2, NULL, 0, 0, 0, 0, '1973-09-17 20:00:00', NULL),
(304, 'Amya Watsica', 2, NULL, 0, 0, 0, 0, '1991-02-17 20:00:00', NULL),
(305, 'Rachel Berge', 2, NULL, 0, 0, 0, 0, '2015-12-27 20:00:00', NULL),
(306, 'Dr. Marion Homenick', 2, NULL, 0, 0, 0, 0, '1994-04-13 20:00:00', NULL),
(307, 'Prof. Kiel McLaughlin DDS', 2, NULL, 0, 0, 0, 0, '1974-10-14 20:00:00', NULL),
(308, 'Brad Larson IV', 2, NULL, 0, 0, 0, 0, '2014-03-04 20:00:00', NULL),
(309, 'Reymundo Langworth', 2, NULL, 0, 0, 0, 0, '2010-08-10 20:00:00', NULL),
(310, 'Anita Terry', 2, NULL, 0, 0, 0, 0, '1976-06-29 20:00:00', NULL),
(311, 'Hershel Nolan', 2, NULL, 0, 0, 0, 0, '2014-11-23 20:00:00', NULL),
(312, 'Luna Kuvalis', 2, NULL, 0, 0, 0, 0, '2014-12-23 20:00:00', NULL),
(313, 'Ms. Clare Wehner PhD', 2, NULL, 0, 0, 0, 0, '2023-05-16 20:00:00', NULL),
(314, 'Flo Gleichner', 2, NULL, 0, 0, 0, 0, '2016-09-07 20:00:00', NULL),
(315, 'Lera Mosciski', 2, NULL, 0, 0, 0, 0, '2002-02-17 20:00:00', NULL),
(316, 'Prof. Florencio Wehner III', 2, NULL, 0, 0, 0, 0, '1994-09-08 20:00:00', NULL),
(317, 'Delores Frami I', 2, NULL, 0, 0, 0, 0, '1976-06-07 20:00:00', NULL),
(318, 'Mr. Kelley Hickle V', 2, NULL, 0, 0, 0, 0, '2008-06-20 20:00:00', NULL),
(319, 'Sylvia Lesch', 2, NULL, 0, 0, 0, 0, '2017-11-02 20:00:00', NULL),
(320, 'Mr. D\'angelo Hayes', 2, NULL, 0, 0, 0, 0, '2022-06-22 20:00:00', NULL),
(321, 'Kamille Johnson DVM', 2, NULL, 0, 0, 0, 0, '1979-09-08 20:00:00', NULL),
(322, 'Adolphus Ledner I', 2, NULL, 0, 0, 0, 0, '2006-07-30 20:00:00', NULL),
(323, 'Miss Kimberly Walter I', 2, NULL, 0, 0, 0, 0, '2000-05-27 20:00:00', NULL),
(324, 'Christop Kling', 2, NULL, 0, 0, 0, 0, '2002-05-21 20:00:00', NULL),
(325, 'Prof. Alvina Volkman', 2, NULL, 0, 0, 0, 0, '2017-01-01 20:00:00', NULL),
(326, 'Jazmyn Upton', 2, NULL, 0, 0, 0, 0, '1984-03-04 20:00:00', NULL),
(327, 'Yessenia Walsh', 2, NULL, 0, 0, 0, 0, '1983-12-24 20:00:00', NULL),
(328, 'Dr. Alberta Schmidt Jr.', 2, NULL, 0, 0, 0, 0, '1982-09-03 20:00:00', NULL),
(329, 'Dr. Amber Pouros V', 2, NULL, 0, 0, 0, 0, '1985-12-09 20:00:00', NULL),
(330, 'Javon Herzog', 2, NULL, 0, 0, 0, 0, '1999-01-07 20:00:00', NULL),
(331, 'Jedediah Kerluke II', 2, NULL, 0, 0, 0, 0, '1990-04-20 20:00:00', NULL),
(332, 'Kody Haag', 2, NULL, 0, 0, 0, 0, '1987-06-03 20:00:00', NULL),
(333, 'Kariane Huel', 2, NULL, 0, 0, 0, 0, '1974-06-24 20:00:00', NULL),
(334, 'Daphne Hermann', 2, NULL, 0, 0, 0, 0, '1984-09-14 20:00:00', NULL),
(335, 'Percival Bosco', 2, NULL, 0, 0, 0, 0, '2017-02-10 20:00:00', NULL),
(336, 'Maggie Upton', 2, NULL, 0, 0, 0, 0, '2016-04-11 20:00:00', NULL),
(337, 'Dr. Martine Borer MD', 2, NULL, 0, 0, 0, 0, '2005-09-08 20:00:00', NULL),
(338, 'Raquel Runolfsson', 2, NULL, 0, 0, 0, 0, '2007-11-13 20:00:00', NULL),
(339, 'Jayson Larson I', 2, NULL, 0, 0, 0, 0, '1976-08-25 20:00:00', NULL),
(340, 'Mr. Norberto Weimann', 2, NULL, 0, 0, 0, 0, '2014-04-23 20:00:00', NULL),
(341, 'Cielo Nolan', 2, NULL, 0, 0, 0, 0, '1970-01-30 20:00:00', NULL),
(342, 'Margarette Towne', 2, NULL, 0, 0, 0, 0, '1974-11-16 20:00:00', NULL),
(343, 'Mr. Paris Schuppe I', 2, NULL, 0, 0, 0, 0, '2020-11-21 20:00:00', NULL),
(344, 'Ms. Libbie Little V', 2, NULL, 0, 0, 0, 0, '2020-08-16 20:00:00', NULL),
(345, 'Edmond Wisoky', 2, NULL, 0, 0, 0, 0, '1972-01-07 20:00:00', NULL),
(346, 'Micheal Braun', 2, NULL, 0, 0, 0, 0, '1983-07-16 20:00:00', NULL),
(347, 'Hobart Glover Sr.', 2, NULL, 0, 0, 0, 0, '1979-08-02 20:00:00', NULL),
(348, 'Prof. Antonio Considine', 2, NULL, 0, 0, 0, 0, '2004-04-12 20:00:00', NULL),
(349, 'Halle Ward', 2, NULL, 0, 0, 0, 0, '1970-03-13 20:00:00', NULL),
(350, 'Javonte Hahn', 2, NULL, 0, 0, 0, 0, '1970-03-25 20:00:00', NULL),
(351, 'Theodora Hahn I', 2, NULL, 0, 0, 0, 0, '2001-08-14 20:00:00', NULL),
(352, 'Edmund Ledner', 2, NULL, 0, 0, 0, 0, '1986-08-22 20:00:00', NULL),
(353, 'Lonnie Turcotte', 2, NULL, 0, 0, 0, 0, '2015-02-10 20:00:00', NULL),
(354, 'Delilah Roob PhD', 2, NULL, 0, 0, 0, 0, '2018-02-12 20:00:00', NULL),
(355, 'Zackery Conn', 2, NULL, 0, 0, 0, 0, '2016-09-10 20:00:00', NULL),
(356, 'Ms. Jude Kautzer DDS', 2, NULL, 0, 0, 0, 0, '1991-12-04 20:00:00', NULL),
(357, 'Savanna Waters', 2, NULL, 0, 0, 0, 0, '2010-06-21 20:00:00', NULL),
(358, 'Name Stracke', 2, NULL, 0, 0, 0, 0, '2006-04-24 20:00:00', NULL),
(359, 'Bernadette Klein', 2, NULL, 0, 0, 0, 0, '2007-05-27 20:00:00', NULL),
(360, 'Anthony Aufderhar', 2, NULL, 0, 0, 0, 0, '2016-12-02 20:00:00', NULL),
(361, 'Mazie Borer DVM', 2, NULL, 0, 0, 0, 0, '1988-01-15 20:00:00', NULL),
(362, 'Adolphus Beatty', 2, NULL, 0, 0, 0, 0, '1992-10-10 20:00:00', NULL),
(363, 'Tyra Cummings DDS', 2, NULL, 0, 0, 0, 0, '1987-07-06 20:00:00', NULL),
(364, 'Quinten Cronin', 2, NULL, 0, 0, 0, 0, '1975-03-09 20:00:00', NULL),
(365, 'Fidel Mitchell', 2, NULL, 0, 0, 0, 0, '1997-10-09 20:00:00', NULL),
(366, 'Dashawn Reichert', 2, NULL, 0, 0, 0, 0, '1973-10-02 20:00:00', NULL),
(367, 'Vicky Sawayn', 2, NULL, 0, 0, 0, 0, '2014-03-25 20:00:00', NULL),
(368, 'Mr. Rafael Gutmann MD', 2, NULL, 0, 0, 0, 0, '1990-03-28 20:00:00', NULL),
(369, 'Marcelle Nitzsche', 2, NULL, 0, 0, 0, 0, '2019-07-16 20:00:00', NULL),
(370, 'Providenci Torphy', 2, NULL, 0, 0, 0, 0, '1986-06-19 20:00:00', NULL),
(371, 'Mrs. Elna Glover III', 2, NULL, 0, 0, 0, 0, '1978-06-15 20:00:00', NULL),
(372, 'Roderick Upton', 2, NULL, 0, 0, 0, 0, '1975-10-09 20:00:00', NULL),
(373, 'Harmony Ortiz', 2, NULL, 0, 0, 0, 0, '1991-09-29 20:00:00', NULL),
(374, 'Jacklyn Brekke', 2, NULL, 0, 0, 0, 0, '2018-02-21 20:00:00', NULL),
(375, 'Jovanny Hartmann', 2, NULL, 0, 0, 0, 0, '2013-03-12 20:00:00', NULL),
(376, 'Katelynn Lindgren II', 2, NULL, 0, 0, 0, 0, '1978-03-13 20:00:00', NULL),
(377, 'Hobart Wyman', 2, NULL, 0, 0, 0, 0, '2008-02-02 20:00:00', NULL),
(378, 'Rosalia Shanahan', 2, NULL, 0, 0, 0, 0, '2014-08-04 20:00:00', NULL),
(379, 'Rory Bailey', 2, NULL, 0, 0, 0, 0, '1997-08-28 20:00:00', NULL),
(380, 'Brooke Mayer I', 2, NULL, 0, 0, 0, 0, '1975-11-03 20:00:00', NULL),
(381, 'Isaiah Hyatt', 2, NULL, 0, 0, 0, 0, '2003-07-31 20:00:00', NULL),
(382, 'Kaylin Bayer', 2, NULL, 0, 0, 0, 0, '2008-03-24 20:00:00', NULL),
(383, 'Judah Hessel DVM', 2, NULL, 0, 0, 0, 0, '2011-04-29 20:00:00', NULL),
(384, 'Chadrick Mills', 2, NULL, 0, 0, 0, 0, '2001-10-20 20:00:00', NULL),
(385, 'Myron Hegmann', 2, NULL, 0, 0, 0, 0, '1979-07-30 20:00:00', NULL),
(386, 'Ila Towne', 2, NULL, 0, 0, 0, 0, '1999-03-26 20:00:00', NULL),
(387, 'Peter Feest', 2, NULL, 0, 0, 0, 0, '2019-06-23 20:00:00', NULL),
(388, 'Javonte Schinner', 2, NULL, 0, 0, 0, 0, '1999-12-17 20:00:00', NULL),
(389, 'Prof. Muhammad Schaden', 2, NULL, 0, 0, 0, 0, '1986-08-29 20:00:00', NULL),
(390, 'Isabell Hills DDS', 2, NULL, 0, 0, 0, 0, '2003-08-19 20:00:00', NULL),
(391, 'Eulah Luettgen V', 2, NULL, 0, 0, 0, 0, '1975-11-17 20:00:00', NULL),
(392, 'Mylene Walsh Sr.', 2, NULL, 0, 0, 0, 0, '2019-05-28 20:00:00', NULL),
(393, 'Ms. Stacey Strosin IV', 2, NULL, 0, 0, 0, 0, '1989-09-08 20:00:00', NULL),
(394, 'Jackeline Veum', 2, NULL, 0, 0, 0, 0, '1983-09-07 20:00:00', NULL),
(395, 'Tate Gulgowski', 2, NULL, 0, 0, 0, 0, '1977-03-02 20:00:00', NULL),
(396, 'Braden McGlynn', 2, NULL, 0, 0, 0, 0, '1974-08-11 20:00:00', NULL),
(397, 'Mrs. Mattie Towne', 2, NULL, 0, 0, 0, 0, '1993-10-04 20:00:00', NULL),
(398, 'Zander Mohr DDS', 2, NULL, 0, 0, 0, 0, '1984-07-16 20:00:00', NULL),
(399, 'Carlie Rodriguez', 2, NULL, 0, 0, 0, 0, '2015-06-25 20:00:00', NULL),
(400, 'Guiseppe Rutherford', 2, NULL, 0, 0, 0, 0, '1970-05-18 20:00:00', NULL),
(401, 'Trevion Howe PhD', 2, NULL, 0, 0, 0, 0, '1999-11-03 20:00:00', NULL),
(402, 'Katelyn Kling', 2, NULL, 0, 0, 0, 0, '1991-10-22 20:00:00', NULL),
(403, 'Ricardo Conroy', 2, NULL, 0, 0, 0, 0, '1972-11-23 20:00:00', NULL),
(404, 'Mr. Sigrid Ward', 2, NULL, 0, 0, 0, 0, '2012-04-10 20:00:00', NULL),
(405, 'Dr. Joe Jerde Jr.', 2, NULL, 0, 0, 0, 0, '1980-12-07 20:00:00', NULL),
(406, 'Barry Tremblay', 2, NULL, 0, 0, 0, 0, '1970-10-26 20:00:00', NULL),
(407, 'Dr. Erick Bosco', 2, NULL, 0, 0, 0, 0, '2002-11-03 20:00:00', NULL),
(408, 'Alvina Terry', 2, NULL, 0, 0, 0, 0, '2006-03-13 20:00:00', NULL),
(409, 'April Kshlerin', 2, NULL, 0, 0, 0, 0, '1975-01-14 20:00:00', NULL),
(410, 'Cole Powlowski', 2, NULL, 0, 0, 0, 0, '1977-05-23 20:00:00', NULL),
(411, 'Prof. Ike Willms DDS', 2, NULL, 0, 0, 0, 0, '2011-02-24 20:00:00', NULL),
(412, 'Roxane Rempel', 2, NULL, 0, 0, 0, 0, '1974-05-13 20:00:00', NULL),
(413, 'Emil Daugherty', 2, NULL, 0, 0, 0, 0, '1990-03-05 20:00:00', NULL),
(414, 'Ms. Hettie Heidenreich IV', 2, NULL, 0, 0, 0, 0, '1990-01-02 20:00:00', NULL),
(415, 'Mr. Saul Stark', 2, NULL, 0, 0, 0, 0, '2001-09-20 20:00:00', NULL),
(416, 'Dr. Alessandro McLaughlin', 2, NULL, 0, 0, 0, 0, '1976-02-12 20:00:00', NULL),
(417, 'Hassan Lubowitz', 2, NULL, 0, 0, 0, 0, '1984-08-08 20:00:00', NULL),
(418, 'Evert Konopelski', 2, NULL, 0, 0, 0, 0, '2006-06-28 20:00:00', NULL),
(419, 'Miss Marie Price', 2, NULL, 0, 0, 0, 0, '2017-01-19 20:00:00', NULL),
(420, 'Mr. Paolo Brekke', 2, NULL, 0, 0, 0, 0, '1977-01-02 20:00:00', NULL),
(421, 'Cleve Abernathy', 2, NULL, 0, 0, 0, 0, '1978-07-18 20:00:00', NULL),
(422, 'Dorris Herzog', 2, NULL, 0, 0, 0, 0, '1979-01-06 20:00:00', NULL),
(423, 'Miss Jessica Jacobson I', 2, NULL, 0, 0, 0, 0, '2020-08-12 20:00:00', NULL),
(424, 'Bernice Lowe II', 2, NULL, 0, 0, 0, 0, '2014-05-04 20:00:00', NULL),
(425, 'Krista Schinner', 2, NULL, 0, 0, 0, 0, '1978-08-20 20:00:00', NULL),
(426, 'Anne Cartwright', 2, NULL, 0, 0, 0, 0, '1984-07-21 20:00:00', NULL),
(427, 'Franz McCullough', 2, NULL, 0, 0, 0, 0, '2006-06-06 20:00:00', NULL),
(428, 'Mrs. Yoshiko Lebsack DVM', 2, NULL, 0, 0, 0, 0, '1991-02-16 20:00:00', NULL),
(429, 'Zakary Lubowitz DDS', 2, NULL, 0, 0, 0, 0, '1980-11-22 20:00:00', NULL),
(430, 'Chaz Cummerata', 2, NULL, 0, 0, 0, 0, '2010-03-06 20:00:00', NULL),
(431, 'Crystal Upton', 2, NULL, 0, 0, 0, 0, '1990-06-18 20:00:00', NULL),
(432, 'Mollie Jacobi', 2, NULL, 0, 0, 0, 0, '1997-06-16 20:00:00', NULL),
(433, 'Jordyn Lemke', 2, NULL, 0, 0, 0, 0, '2010-07-09 20:00:00', NULL),
(434, 'Branson Gerlach', 2, NULL, 0, 0, 0, 0, '1986-03-06 20:00:00', NULL),
(435, 'Santino Koelpin DDS', 2, NULL, 0, 0, 0, 0, '2022-07-11 20:00:00', NULL),
(436, 'Ona Jaskolski', 2, NULL, 0, 0, 0, 0, '1973-02-15 20:00:00', NULL),
(437, 'Eleanora Lehner', 2, NULL, 0, 0, 0, 0, '1987-03-11 20:00:00', NULL),
(438, 'Sammie Robel', 2, NULL, 0, 0, 0, 0, '1994-11-14 20:00:00', NULL),
(439, 'Emilie Kutch', 2, NULL, 0, 0, 0, 0, '1993-03-10 20:00:00', NULL),
(440, 'Amina Jast I', 2, NULL, 0, 0, 0, 0, '2006-04-01 20:00:00', NULL),
(441, 'Stefanie McDermott', 2, NULL, 0, 0, 0, 0, '1972-10-20 20:00:00', NULL),
(442, 'Daryl Kutch MD', 2, NULL, 0, 0, 0, 0, '2004-08-16 20:00:00', NULL),
(443, 'Mr. Nathanial Boyle', 2, NULL, 0, 0, 0, 0, '1977-10-21 20:00:00', NULL),
(444, 'Mr. Evert Roob', 2, NULL, 0, 0, 0, 0, '2024-02-19 20:00:00', NULL),
(445, 'Kathryne Bogan', 2, NULL, 0, 0, 0, 0, '2022-06-01 20:00:00', NULL),
(446, 'Jaylan Klocko', 2, NULL, 0, 0, 0, 0, '2012-01-08 20:00:00', NULL),
(447, 'Prof. Floyd Kohler', 2, NULL, 0, 0, 0, 0, '2018-01-13 20:00:00', NULL),
(448, 'Dwight Tromp', 2, NULL, 0, 0, 0, 0, '2006-05-06 20:00:00', NULL),
(449, 'Carrie Jakubowski', 2, NULL, 0, 0, 0, 0, '2001-02-06 20:00:00', NULL),
(450, 'Brooke Hermiston', 2, NULL, 0, 0, 0, 0, '1980-11-17 20:00:00', NULL),
(451, 'Elvis Crooks', 2, NULL, 0, 0, 0, 0, '1972-11-04 20:00:00', NULL),
(452, 'Prof. Hazle Stracke DDS', 2, NULL, 0, 0, 0, 0, '1981-05-24 20:00:00', NULL),
(453, 'Prof. Karelle Wilkinson DDS', 2, NULL, 0, 0, 0, 0, '2008-04-03 20:00:00', NULL),
(454, 'Lauriane Oberbrunner', 2, NULL, 0, 0, 0, 0, '1988-12-20 20:00:00', NULL),
(455, 'Dr. Jeanette McGlynn', 2, NULL, 0, 0, 0, 0, '2004-01-21 20:00:00', NULL),
(456, 'Jayce Sawayn IV', 2, NULL, 0, 0, 0, 0, '2014-08-12 20:00:00', NULL),
(457, 'Brando Breitenberg', 2, NULL, 0, 0, 0, 0, '2006-11-06 20:00:00', NULL),
(458, 'Ned Schroeder MD', 2, NULL, 0, 0, 0, 0, '2007-02-09 20:00:00', NULL),
(459, 'Laurine Corwin Jr.', 2, NULL, 0, 0, 0, 0, '2022-12-13 20:00:00', NULL),
(460, 'Chance Hegmann', 2, NULL, 0, 0, 0, 0, '2008-07-30 20:00:00', NULL),
(461, 'Asha Bosco', 2, NULL, 0, 0, 0, 0, '1993-01-10 20:00:00', NULL),
(462, 'Vivienne Heathcote', 2, NULL, 0, 0, 0, 0, '1983-02-22 20:00:00', NULL),
(463, 'Jude Lehner', 2, NULL, 0, 0, 0, 0, '1995-07-31 20:00:00', NULL),
(464, 'Moises Predovic V', 2, NULL, 0, 0, 0, 0, '1980-12-20 20:00:00', NULL),
(465, 'Brian Zulauf', 2, NULL, 0, 0, 0, 0, '2006-09-09 20:00:00', NULL),
(466, 'Mr. Joshua Fahey', 2, NULL, 0, 0, 0, 0, '1974-09-30 20:00:00', NULL),
(467, 'Prof. Caleb Monahan', 2, NULL, 0, 0, 0, 0, '2022-09-14 20:00:00', NULL),
(468, 'Antone Connelly DDS', 2, NULL, 0, 0, 0, 0, '2002-12-03 20:00:00', NULL),
(469, 'Jeremy O\'Keefe MD', 2, NULL, 0, 0, 0, 0, '2013-01-17 20:00:00', NULL),
(470, 'Myrtis Bashirian', 2, NULL, 0, 0, 0, 0, '2001-02-04 20:00:00', NULL),
(471, 'Laney Schaefer DDS', 2, NULL, 0, 0, 0, 0, '1982-11-17 20:00:00', NULL),
(472, 'Terrance Lakin III', 2, NULL, 0, 0, 0, 0, '1991-07-05 20:00:00', NULL),
(473, 'Gaston Kohler', 2, NULL, 0, 0, 0, 0, '1971-06-20 20:00:00', NULL),
(474, 'Mabelle Heaney II', 2, NULL, 0, 0, 0, 0, '1982-01-29 20:00:00', NULL),
(475, 'Novella Mante', 2, NULL, 0, 0, 0, 0, '1984-08-29 20:00:00', NULL),
(476, 'Carson Lind III', 2, NULL, 0, 0, 0, 0, '1989-06-09 20:00:00', NULL),
(477, 'Addison Farrell', 2, NULL, 0, 0, 0, 0, '1970-07-10 20:00:00', NULL),
(478, 'Viva Maggio', 2, NULL, 0, 0, 0, 0, '2017-05-04 20:00:00', NULL),
(479, 'Jammie Lueilwitz', 2, NULL, 0, 0, 0, 0, '2013-12-08 20:00:00', NULL),
(480, 'Maiya Lynch', 2, NULL, 0, 0, 0, 0, '1992-01-04 20:00:00', NULL),
(481, 'Jaylen Morissette', 2, NULL, 0, 0, 0, 0, '1992-01-01 20:00:00', NULL),
(482, 'Joesph Muller Jr.', 2, NULL, 0, 0, 0, 0, '1973-12-14 20:00:00', NULL),
(483, 'Colton Stanton', 2, NULL, 0, 0, 0, 0, '2001-10-30 20:00:00', NULL),
(484, 'Devonte Jones', 2, NULL, 0, 0, 0, 0, '1989-08-10 20:00:00', NULL),
(485, 'Loyce Kshlerin', 2, NULL, 0, 0, 0, 0, '2024-08-26 20:00:00', NULL),
(486, 'Mollie Huels', 2, NULL, 0, 0, 0, 0, '2011-06-01 20:00:00', NULL),
(487, 'Prof. Ellen Runolfsdottir III', 2, NULL, 0, 0, 0, 0, '2000-09-11 20:00:00', NULL),
(488, 'Mariah Howe', 2, NULL, 0, 0, 0, 0, '1996-03-27 20:00:00', NULL),
(489, 'Jovan Ryan', 2, NULL, 0, 0, 0, 0, '2007-07-19 20:00:00', NULL),
(490, 'Dr. Darion Bartoletti PhD', 2, NULL, 0, 0, 0, 0, '2001-07-15 20:00:00', NULL),
(491, 'Ernestine Kuhlman', 2, NULL, 0, 0, 0, 0, '1982-09-01 20:00:00', NULL),
(492, 'Kavon Pacocha', 2, NULL, 0, 0, 0, 0, '1985-11-20 20:00:00', NULL),
(493, 'Antwon Toy', 2, NULL, 0, 0, 0, 0, '2012-07-14 20:00:00', NULL),
(494, 'Dr. Elton Gulgowski IV', 2, NULL, 0, 0, 0, 0, '1978-02-14 20:00:00', NULL),
(495, 'Prof. Rodger Botsford III', 2, NULL, 0, 0, 0, 0, '1982-04-13 20:00:00', NULL),
(496, 'Birdie Metz DDS', 2, NULL, 0, 0, 0, 0, '1990-10-28 20:00:00', NULL),
(497, 'Noel Heidenreich', 2, NULL, 0, 0, 0, 0, '2002-09-21 20:00:00', NULL),
(498, 'Ernestina Wiegand II', 2, NULL, 0, 0, 0, 0, '2000-06-28 20:00:00', NULL),
(499, 'Mrs. Lempi Mraz MD', 2, NULL, 0, 0, 0, 0, '2002-10-03 20:00:00', NULL),
(500, 'Arvel Bosco', 2, NULL, 0, 0, 0, 0, '1977-02-26 20:00:00', NULL),
(501, 'Mrs. Maureen Nienow', 2, NULL, 0, 0, 0, 0, '1981-09-16 20:00:00', NULL),
(502, 'Damaris Vandervort', 2, NULL, 0, 0, 0, 0, '2019-09-23 20:00:00', NULL),
(503, 'Maynard Bartoletti', 2, NULL, 0, 0, 0, 0, '2024-02-11 20:00:00', NULL),
(504, 'Delfina Boyer', 2, NULL, 0, 0, 0, 0, '2019-01-12 20:00:00', NULL),
(505, 'Dr. Addie Sanford Sr.', 2, NULL, 0, 0, 0, 0, '2008-08-18 20:00:00', NULL),
(506, 'Dr. Margaret Mohr', 2, NULL, 0, 0, 0, 0, '1998-04-19 20:00:00', NULL),
(507, 'Tamara Block', 2, NULL, 0, 0, 0, 0, '2016-10-20 20:00:00', NULL),
(508, 'Vern Roob Sr.', 2, NULL, 0, 0, 0, 0, '1997-07-31 20:00:00', NULL),
(509, 'Javier Marvin', 2, NULL, 0, 0, 0, 0, '1985-09-21 20:00:00', NULL),
(510, 'Mollie Goodwin', 2, NULL, 0, 0, 0, 0, '1979-06-16 20:00:00', NULL),
(511, 'Jesse Johnson', 2, NULL, 0, 0, 0, 0, '2015-08-07 20:00:00', NULL),
(512, 'Nayeli Rath V', 2, NULL, 0, 0, 0, 0, '1980-04-20 20:00:00', NULL),
(513, 'Armando Kling', 2, NULL, 0, 0, 0, 0, '1996-04-30 20:00:00', NULL),
(514, 'Antonetta Rolfson', 2, NULL, 0, 0, 0, 0, '2016-06-26 20:00:00', NULL),
(515, 'Jesse Kilback', 2, NULL, 0, 0, 0, 0, '2007-07-30 20:00:00', NULL),
(516, 'Dr. Violette Nitzsche', 2, NULL, 0, 0, 0, 0, '1999-05-23 20:00:00', NULL),
(517, 'Dasia Spencer', 2, NULL, 0, 0, 0, 0, '1989-10-06 20:00:00', NULL),
(518, 'Angelina Jenkins', 2, NULL, 0, 0, 0, 0, '1985-12-17 20:00:00', NULL),
(519, 'Sasha Ankunding', 2, NULL, 0, 0, 0, 0, '1987-08-21 20:00:00', NULL),
(520, 'Julie Stokes', 2, NULL, 0, 0, 0, 0, '1970-08-09 20:00:00', NULL),
(521, 'Cristopher Hills', 2, NULL, 0, 0, 0, 0, '1982-10-29 20:00:00', NULL),
(522, 'Marian Rempel Jr.', 2, NULL, 0, 0, 0, 0, '1987-02-24 20:00:00', NULL),
(523, 'Leta Gorczany', 2, NULL, 0, 0, 0, 0, '1973-02-17 20:00:00', NULL),
(524, 'Mariela Schumm', 2, NULL, 0, 0, 0, 0, '2011-08-15 20:00:00', NULL),
(525, 'Prof. Camden Connelly', 2, NULL, 0, 0, 0, 0, '1972-11-24 20:00:00', NULL),
(526, 'Ms. Kiarra Bailey', 2, NULL, 0, 0, 0, 0, '1987-11-26 20:00:00', NULL),
(527, 'Nicola Casper III', 2, NULL, 0, 0, 0, 0, '2015-03-05 20:00:00', NULL),
(528, 'Randy Johnston', 2, NULL, 0, 0, 0, 0, '2012-09-05 20:00:00', NULL),
(529, 'Hadley Krajcik', 2, NULL, 0, 0, 0, 0, '2003-02-27 20:00:00', NULL),
(530, 'Boris Sauer', 2, NULL, 0, 0, 0, 0, '1998-04-26 20:00:00', NULL),
(531, 'Stefanie Batz', 2, NULL, 0, 0, 0, 0, '2023-09-17 20:00:00', NULL),
(532, 'Coy Friesen', 2, NULL, 0, 0, 0, 0, '1998-06-07 20:00:00', NULL),
(533, 'Reese Boehm', 2, NULL, 0, 0, 0, 0, '1976-12-22 20:00:00', NULL),
(534, 'Mrs. Florine Haley', 2, NULL, 0, 0, 0, 0, '1984-08-05 20:00:00', NULL),
(535, 'Dr. Alec Tremblay III', 2, NULL, 0, 0, 0, 0, '2015-10-07 20:00:00', NULL),
(536, 'Ms. Arianna Klocko', 2, NULL, 0, 0, 0, 0, '1981-07-04 20:00:00', NULL),
(537, 'Hannah Zulauf PhD', 2, NULL, 0, 0, 0, 0, '2000-01-21 20:00:00', NULL),
(538, 'Mac Streich', 2, NULL, 0, 0, 0, 0, '2019-09-18 20:00:00', NULL),
(539, 'George Heathcote', 2, NULL, 0, 0, 0, 0, '1989-08-14 20:00:00', NULL),
(540, 'Ms. Sandrine Rath', 2, NULL, 0, 0, 0, 0, '2010-07-02 20:00:00', NULL),
(541, 'Gilbert Maggio V', 2, NULL, 0, 0, 0, 0, '1993-10-29 20:00:00', NULL),
(542, 'Cassandre Hyatt', 2, NULL, 0, 0, 0, 0, '2004-10-31 20:00:00', NULL),
(543, 'Prof. Travon Wiza', 2, NULL, 0, 0, 0, 0, '2015-06-18 20:00:00', NULL),
(544, 'Casey Bogan', 2, NULL, 0, 0, 0, 0, '1971-06-27 20:00:00', NULL),
(545, 'Lelah Grant', 2, NULL, 0, 0, 0, 0, '2006-02-20 20:00:00', NULL),
(546, 'Jules Hill', 2, NULL, 0, 0, 0, 0, '2023-12-31 20:00:00', NULL),
(547, 'Coby Homenick', 2, NULL, 0, 0, 0, 0, '1994-07-16 20:00:00', NULL),
(548, 'Randy Aufderhar', 2, NULL, 0, 0, 0, 0, '1973-01-18 20:00:00', NULL),
(549, 'Miss Hulda Gerlach', 2, NULL, 0, 0, 0, 0, '1986-02-14 20:00:00', NULL),
(550, 'Arne Thiel', 2, NULL, 0, 0, 0, 0, '2016-11-05 20:00:00', NULL),
(551, 'Mr. Haley Dare', 2, NULL, 0, 0, 0, 0, '2000-03-06 20:00:00', NULL),
(552, 'Mr. Walton Leannon III', 2, NULL, 0, 0, 0, 0, '1986-12-25 20:00:00', NULL),
(553, 'Mr. Kole Koch PhD', 2, NULL, 0, 0, 0, 0, '2009-04-18 20:00:00', NULL),
(554, 'Stanley Moore', 2, NULL, 0, 0, 0, 0, '1977-04-16 20:00:00', NULL),
(555, 'Libbie Gusikowski', 2, NULL, 0, 0, 0, 0, '1985-09-29 20:00:00', NULL),
(556, 'Dedrick Price', 2, NULL, 0, 0, 0, 0, '1981-07-02 20:00:00', NULL),
(557, 'Prof. Tessie Bechtelar', 2, NULL, 0, 0, 0, 0, '2005-10-23 20:00:00', NULL),
(558, 'Otto Friesen', 2, NULL, 0, 0, 0, 0, '2002-11-21 20:00:00', NULL),
(559, 'Domenica Nader', 2, NULL, 0, 0, 0, 0, '1992-01-23 20:00:00', NULL),
(560, 'Mrs. Abbigail Vandervort DVM', 2, NULL, 0, 0, 0, 0, '2018-01-25 20:00:00', NULL),
(561, 'Wilfrid Bergnaum', 2, NULL, 0, 0, 0, 0, '1994-03-24 20:00:00', NULL),
(562, 'Prof. Verona Cole', 2, NULL, 0, 0, 0, 0, '1997-03-19 20:00:00', NULL),
(563, 'Valentin McClure', 2, NULL, 0, 0, 0, 0, '1999-11-25 20:00:00', NULL),
(564, 'Jolie Kiehn Jr.', 2, NULL, 0, 0, 0, 0, '2001-06-09 20:00:00', NULL),
(565, 'Mr. Darwin Tillman DVM', 2, NULL, 0, 0, 0, 0, '2011-07-23 20:00:00', NULL),
(566, 'Prof. Eriberto Jacobi', 2, NULL, 0, 0, 0, 0, '1994-05-23 20:00:00', NULL),
(567, 'Casimer Greenholt', 2, NULL, 0, 0, 0, 0, '1979-03-13 20:00:00', NULL),
(568, 'Mr. Sidney Turcotte', 2, NULL, 0, 0, 0, 0, '1970-07-16 20:00:00', NULL),
(569, 'Shawn Hegmann', 2, NULL, 0, 0, 0, 0, '2015-07-07 20:00:00', NULL),
(570, 'Prof. Marshall Lebsack Sr.', 2, NULL, 0, 0, 0, 0, '1981-04-29 20:00:00', NULL),
(571, 'Prof. Karley Effertz', 2, NULL, 0, 0, 0, 0, '1975-08-28 20:00:00', NULL),
(572, 'Ms. Kelli Ebert', 2, NULL, 0, 0, 0, 0, '1986-08-31 20:00:00', NULL),
(573, 'Amiya Moore', 2, NULL, 0, 0, 0, 0, '1990-02-26 20:00:00', NULL),
(574, 'Cameron Kutch', 2, NULL, 0, 0, 0, 0, '1985-07-07 20:00:00', NULL),
(575, 'Prof. Karlee Baumbach', 2, NULL, 0, 0, 0, 0, '2004-03-06 20:00:00', NULL),
(576, 'Jarvis Kunze', 2, NULL, 0, 0, 0, 0, '2004-09-04 20:00:00', NULL),
(577, 'King Zulauf', 2, NULL, 0, 0, 0, 0, '1971-01-17 20:00:00', NULL),
(578, 'Athena Bednar Sr.', 2, NULL, 0, 0, 0, 0, '1991-12-28 20:00:00', NULL),
(579, 'Belle Corkery', 2, NULL, 0, 0, 0, 0, '2003-02-04 20:00:00', NULL),
(580, 'Mrs. Taryn Rogahn', 2, NULL, 0, 0, 0, 0, '1977-08-10 20:00:00', NULL),
(581, 'Anastasia Morissette', 2, NULL, 0, 0, 0, 0, '1992-04-26 20:00:00', NULL),
(582, 'Prof. Kira Hamill II', 2, NULL, 0, 0, 0, 0, '2020-12-18 20:00:00', NULL),
(583, 'Dr. Jaden Bosco IV', 2, NULL, 0, 0, 0, 0, '2004-05-18 20:00:00', NULL),
(584, 'Jaquan Lindgren', 2, NULL, 0, 0, 0, 0, '1993-07-09 20:00:00', NULL),
(585, 'Branson Weissnat', 2, NULL, 0, 0, 0, 0, '1988-06-08 20:00:00', NULL),
(586, 'Sister Hills', 2, NULL, 0, 0, 0, 0, '2020-11-02 20:00:00', NULL),
(587, 'Judson Cummerata', 2, NULL, 0, 0, 0, 0, '1975-04-03 20:00:00', NULL),
(588, 'Lilian Lakin', 2, NULL, 0, 0, 0, 0, '1973-05-27 20:00:00', NULL),
(589, 'Bette Paucek', 2, NULL, 0, 0, 0, 0, '2016-02-27 20:00:00', NULL),
(590, 'Ezra Stark', 2, NULL, 0, 0, 0, 0, '2003-04-01 20:00:00', NULL),
(591, 'Effie Gislason', 2, NULL, 0, 0, 0, 0, '1994-12-10 20:00:00', NULL),
(592, 'Dr. Marcel Braun V', 2, NULL, 0, 0, 0, 0, '2014-01-23 20:00:00', NULL),
(593, 'Courtney Hermiston', 2, NULL, 0, 0, 0, 0, '1972-09-06 20:00:00', NULL),
(594, 'Arvel Moore', 2, NULL, 0, 0, 0, 0, '2021-01-14 20:00:00', NULL),
(595, 'Destini Pacocha', 2, NULL, 0, 0, 0, 0, '1995-12-13 20:00:00', NULL),
(596, 'Vince Kertzmann', 2, NULL, 0, 0, 0, 0, '1996-09-27 20:00:00', NULL),
(597, 'Dr. Ben Schmeler DVM', 2, NULL, 0, 0, 0, 0, '1990-07-28 20:00:00', NULL),
(598, 'Skye Sanford', 2, NULL, 0, 0, 0, 0, '2001-03-06 20:00:00', NULL),
(599, 'Lesly Friesen', 2, NULL, 0, 0, 0, 0, '1984-12-03 20:00:00', NULL),
(600, 'Gina Nolan', 2, NULL, 0, 0, 0, 0, '1993-02-11 20:00:00', NULL),
(601, 'Verlie Johnson', 2, NULL, 0, 0, 0, 0, '1991-04-24 20:00:00', NULL),
(602, 'Dr. Rae Davis', 2, NULL, 0, 0, 0, 0, '2005-04-05 20:00:00', NULL),
(603, 'Abbey Torphy DVM', 2, NULL, 0, 0, 0, 0, '1984-06-29 20:00:00', NULL),
(604, 'Brycen Goyette', 2, NULL, 0, 0, 0, 0, '1983-10-20 20:00:00', NULL),
(605, 'Vanessa Tromp', 2, NULL, 0, 0, 0, 0, '1979-05-30 20:00:00', NULL),
(606, 'Casimir Parker II', 2, NULL, 0, 0, 0, 0, '1973-04-20 20:00:00', NULL),
(607, 'Samson Homenick', 2, NULL, 0, 0, 0, 0, '2017-05-28 20:00:00', NULL),
(608, 'Delilah Kuhn', 2, NULL, 0, 0, 0, 0, '1988-01-03 20:00:00', NULL),
(609, 'Prof. Joanny Torp MD', 2, NULL, 0, 0, 0, 0, '2012-11-24 20:00:00', NULL),
(610, 'Halle Marvin', 2, NULL, 0, 0, 0, 0, '1975-01-04 20:00:00', NULL),
(611, 'Lauriane Shields', 2, NULL, 0, 0, 0, 0, '1971-04-04 20:00:00', NULL),
(612, 'Riley Mohr', 2, NULL, 0, 0, 0, 0, '1993-06-19 20:00:00', NULL),
(613, 'Prof. Cole Corkery II', 2, NULL, 0, 0, 0, 0, '2003-05-18 20:00:00', NULL),
(614, 'Abby Schulist', 2, NULL, 0, 0, 0, 0, '1994-11-08 20:00:00', NULL),
(615, 'Casimer Will', 2, NULL, 0, 0, 0, 0, '2004-03-28 20:00:00', NULL),
(616, 'Prof. Chanelle Mante', 2, NULL, 0, 0, 0, 0, '1974-10-10 20:00:00', NULL),
(617, 'Eino Wolf', 2, NULL, 0, 0, 0, 0, '1995-11-14 20:00:00', NULL),
(618, 'Emmalee Trantow', 2, NULL, 0, 0, 0, 0, '1992-12-23 20:00:00', NULL),
(619, 'Chelsey Hudson', 2, NULL, 0, 0, 0, 0, '2000-10-04 20:00:00', NULL),
(620, 'Archibald Becker', 2, NULL, 0, 0, 0, 0, '2008-05-08 20:00:00', NULL),
(621, 'Kacey Aufderhar', 2, NULL, 0, 0, 0, 0, '1973-09-02 20:00:00', NULL),
(622, 'Anabel Stamm', 2, NULL, 0, 0, 0, 0, '2013-12-28 20:00:00', NULL),
(623, 'Pedro Feest', 2, NULL, 0, 0, 0, 0, '2018-08-05 20:00:00', NULL),
(624, 'Myrtie Littel', 2, NULL, 0, 0, 0, 0, '1977-09-19 20:00:00', NULL),
(625, 'Yasmine Jenkins', 2, NULL, 0, 0, 0, 0, '1979-03-30 20:00:00', NULL),
(626, 'Dovie Rippin', 2, NULL, 0, 0, 0, 0, '1998-06-13 20:00:00', NULL),
(627, 'Aryanna Blanda', 2, NULL, 0, 0, 0, 0, '1975-08-19 20:00:00', NULL),
(628, 'Nia Parker I', 2, NULL, 0, 0, 0, 0, '1972-09-16 20:00:00', NULL),
(629, 'Mr. Dillon Gutkowski', 2, NULL, 0, 0, 0, 0, '2003-11-10 20:00:00', NULL),
(630, 'Broderick Mann', 2, NULL, 0, 0, 0, 0, '2011-02-13 20:00:00', NULL),
(631, 'Mr. Clemens Veum', 2, NULL, 0, 0, 0, 0, '1993-05-16 20:00:00', NULL),
(632, 'Jason Willms', 2, NULL, 0, 0, 0, 0, '2000-01-24 20:00:00', NULL),
(633, 'Mr. Milan Schuppe II', 2, NULL, 0, 0, 0, 0, '1970-07-18 20:00:00', NULL),
(634, 'Shaniya Rodriguez', 2, NULL, 0, 0, 0, 0, '2007-09-14 20:00:00', NULL),
(635, 'Prof. Schuyler Predovic MD', 2, NULL, 0, 0, 0, 0, '1990-05-29 20:00:00', NULL),
(636, 'Fleta Steuber', 2, NULL, 0, 0, 0, 0, '1972-02-26 20:00:00', NULL),
(637, 'Micheal Bartoletti DDS', 2, NULL, 0, 0, 0, 0, '1973-12-25 20:00:00', NULL),
(638, 'Neal Mayert', 2, NULL, 0, 0, 0, 0, '1991-10-06 20:00:00', NULL),
(639, 'Norberto Cassin', 2, NULL, 0, 0, 0, 0, '1993-12-04 20:00:00', NULL),
(640, 'Larry Kreiger III', 2, NULL, 0, 0, 0, 0, '2002-01-06 20:00:00', NULL),
(641, 'Abelardo Schroeder', 2, NULL, 0, 0, 0, 0, '2013-09-17 20:00:00', NULL),
(642, 'River Botsford', 2, NULL, 0, 0, 0, 0, '1970-04-12 20:00:00', NULL),
(643, 'Mr. Emilio Casper', 2, NULL, 0, 0, 0, 0, '2011-12-15 20:00:00', NULL),
(644, 'Prof. Stan Wiegand', 2, NULL, 0, 0, 0, 0, '1998-02-24 20:00:00', NULL),
(645, 'Nelle Moen', 2, NULL, 0, 0, 0, 0, '1976-07-26 20:00:00', NULL),
(646, 'Mitchel Hilpert', 2, NULL, 0, 0, 0, 0, '2009-03-28 20:00:00', NULL),
(647, 'Gertrude Howell', 2, NULL, 0, 0, 0, 0, '2013-12-23 20:00:00', NULL),
(648, 'Aaron Padberg', 2, NULL, 0, 0, 0, 0, '1981-08-02 20:00:00', NULL),
(649, 'Dr. Gayle Veum', 2, NULL, 0, 0, 0, 0, '1993-03-16 20:00:00', NULL),
(650, 'Hazel Kuhlman', 2, NULL, 0, 0, 0, 0, '2007-06-23 20:00:00', NULL),
(651, 'Mollie Krajcik', 2, NULL, 0, 0, 0, 0, '1994-11-19 20:00:00', NULL),
(652, 'Joanne Schuppe IV', 2, NULL, 0, 0, 0, 0, '1997-07-12 20:00:00', NULL),
(653, 'Kaya Ryan DVM', 2, NULL, 0, 0, 0, 0, '1993-03-22 20:00:00', NULL),
(654, 'Trystan Schmidt', 2, NULL, 0, 0, 0, 0, '1975-10-05 20:00:00', NULL),
(655, 'Mr. Deven Witting DDS', 2, NULL, 0, 0, 0, 0, '1982-06-03 20:00:00', NULL),
(656, 'Prof. Columbus Gibson', 2, NULL, 0, 0, 0, 0, '1980-12-01 20:00:00', NULL),
(657, 'Gayle Hirthe', 2, NULL, 0, 0, 0, 0, '1997-11-18 20:00:00', NULL),
(658, 'Princess Towne', 2, NULL, 0, 0, 0, 0, '1973-12-13 20:00:00', NULL),
(659, 'Vena Thiel', 2, NULL, 0, 0, 0, 0, '2007-01-19 20:00:00', NULL),
(660, 'Keanu Schuster', 2, NULL, 0, 0, 0, 0, '2006-09-09 20:00:00', NULL),
(661, 'Rex Mann', 2, NULL, 0, 0, 0, 0, '2000-11-08 20:00:00', NULL),
(662, 'Luciano Abernathy', 2, NULL, 0, 0, 0, 0, '2010-07-07 20:00:00', NULL),
(663, 'Shany Hamill', 2, NULL, 0, 0, 0, 0, '2019-05-20 20:00:00', NULL),
(664, 'Jayden Legros', 2, NULL, 0, 0, 0, 0, '2014-05-28 20:00:00', NULL),
(665, 'Ubaldo Gulgowski', 2, NULL, 0, 0, 0, 0, '1973-12-16 20:00:00', NULL),
(666, 'Daren Tillman', 2, NULL, 0, 0, 0, 0, '1998-12-18 20:00:00', NULL),
(667, 'Dr. Trudie Ruecker', 2, NULL, 0, 0, 0, 0, '2006-04-10 20:00:00', NULL),
(668, 'Lucienne Hammes', 2, NULL, 0, 0, 0, 0, '2018-12-18 20:00:00', NULL);
INSERT INTO `users` (`id`, `name`, `role_id`, `remember_token`, `debt`, `old_debt`, `remnant`, `balance`, `created_at`, `updated_at`) VALUES
(669, 'Kaia Kilback', 2, NULL, 0, 0, 0, 0, '2019-07-21 20:00:00', NULL),
(670, 'Norwood Hauck I', 2, NULL, 0, 0, 0, 0, '1986-10-02 20:00:00', NULL),
(671, 'Sean Nikolaus DDS', 2, NULL, 0, 0, 0, 0, '2014-02-08 20:00:00', NULL),
(672, 'Abel Weber', 2, NULL, 0, 0, 0, 0, '1990-05-23 20:00:00', NULL),
(673, 'Jamir Gerlach', 2, NULL, 0, 0, 0, 0, '1981-01-20 20:00:00', NULL),
(674, 'Afton Halvorson', 2, NULL, 0, 0, 0, 0, '1991-04-09 20:00:00', NULL),
(675, 'Markus Hegmann', 2, NULL, 0, 0, 0, 0, '1999-04-13 20:00:00', NULL),
(676, 'Chasity Larson V', 2, NULL, 0, 0, 0, 0, '1985-10-31 20:00:00', NULL),
(677, 'Declan Ferry', 2, NULL, 0, 0, 0, 0, '2001-07-24 20:00:00', NULL),
(678, 'Eva Dach', 2, NULL, 0, 0, 0, 0, '1974-06-25 20:00:00', NULL),
(679, 'Ms. Wilma Wiegand', 2, NULL, 0, 0, 0, 0, '1984-04-10 20:00:00', NULL),
(680, 'Freida Lemke', 2, NULL, 0, 0, 0, 0, '2006-01-08 20:00:00', NULL),
(681, 'Prof. Rick Thiel V', 2, NULL, 0, 0, 0, 0, '1998-02-10 20:00:00', NULL),
(682, 'Dawson Huel', 2, NULL, 0, 0, 0, 0, '2000-12-23 20:00:00', NULL),
(683, 'Estelle Renner', 2, NULL, 0, 0, 0, 0, '2021-03-11 20:00:00', NULL),
(684, 'Kianna Baumbach', 2, NULL, 0, 0, 0, 0, '2006-07-03 20:00:00', NULL),
(685, 'Norbert Leffler', 2, NULL, 0, 0, 0, 0, '1986-10-14 20:00:00', NULL),
(686, 'Mrs. Hannah Harris', 2, NULL, 0, 0, 0, 0, '2018-01-24 20:00:00', NULL),
(687, 'Mackenzie Wiza', 2, NULL, 0, 0, 0, 0, '1997-04-06 20:00:00', NULL),
(688, 'Prof. Carmine Schroeder', 2, NULL, 0, 0, 0, 0, '1972-05-20 20:00:00', NULL),
(689, 'Nels Bednar', 2, NULL, 0, 0, 0, 0, '2014-05-08 20:00:00', NULL),
(690, 'Miss Amara Stokes', 2, NULL, 0, 0, 0, 0, '1992-12-31 20:00:00', NULL),
(691, 'Dewitt Oberbrunner', 2, NULL, 0, 0, 0, 0, '2014-03-05 20:00:00', NULL),
(692, 'Chandler Veum Sr.', 2, NULL, 0, 0, 0, 0, '1999-07-17 20:00:00', NULL),
(693, 'Maribel Boyle', 2, NULL, 0, 0, 0, 0, '2014-10-01 20:00:00', NULL),
(694, 'Mrs. Alessia Padberg', 2, NULL, 0, 0, 0, 0, '1992-11-02 20:00:00', NULL),
(695, 'Mr. Bradly Wehner DVM', 2, NULL, 0, 0, 0, 0, '1975-06-25 20:00:00', NULL),
(696, 'Constance Bahringer', 2, NULL, 0, 0, 0, 0, '2009-08-07 20:00:00', NULL),
(697, 'Prof. Mario Donnelly', 2, NULL, 0, 0, 0, 0, '1987-12-09 20:00:00', NULL),
(698, 'Jenifer Bosco', 2, NULL, 0, 0, 0, 0, '1996-02-20 20:00:00', NULL),
(699, 'Julien Eichmann', 2, NULL, 0, 0, 0, 0, '2014-10-14 20:00:00', NULL),
(700, 'Ted Jacobi', 2, NULL, 0, 0, 0, 0, '1993-06-04 20:00:00', NULL),
(701, 'Ms. Abby Littel', 2, NULL, 0, 0, 0, 0, '1976-08-02 20:00:00', NULL),
(702, 'Miss Claudine Rath', 2, NULL, 0, 0, 0, 0, '1995-01-30 20:00:00', NULL),
(703, 'Madisen Wiza', 2, NULL, 0, 0, 0, 0, '2003-05-26 20:00:00', NULL),
(704, 'Donna Oberbrunner', 2, NULL, 0, 0, 0, 0, '1970-03-23 20:00:00', NULL),
(705, 'Mr. Orlo Koss III', 2, NULL, 0, 0, 0, 0, '1978-05-07 20:00:00', NULL),
(706, 'Yessenia Olson PhD', 2, NULL, 0, 0, 0, 0, '1980-08-21 20:00:00', NULL),
(707, 'Milan Armstrong', 2, NULL, 0, 0, 0, 0, '2007-03-16 20:00:00', NULL),
(708, 'Tracy Quitzon', 2, NULL, 0, 0, 0, 0, '1989-10-01 20:00:00', NULL),
(709, 'Prof. Herminia Emard', 2, NULL, 0, 0, 0, 0, '1998-11-28 20:00:00', NULL),
(710, 'Ivory Waters', 2, NULL, 0, 0, 0, 0, '1972-11-13 20:00:00', NULL),
(711, 'Mr. Randal Koss V', 2, NULL, 0, 0, 0, 0, '1990-07-28 20:00:00', NULL),
(712, 'Bryon Feil', 2, NULL, 0, 0, 0, 0, '1989-08-16 20:00:00', NULL),
(713, 'Dr. Will Koss Sr.', 2, NULL, 0, 0, 0, 0, '1975-04-26 20:00:00', NULL),
(714, 'Taryn Metz', 2, NULL, 0, 0, 0, 0, '2003-01-17 20:00:00', NULL),
(715, 'Abraham O\'Keefe', 2, NULL, 0, 0, 0, 0, '1981-04-29 20:00:00', NULL),
(716, 'Prof. Gardner Hoppe PhD', 2, NULL, 0, 0, 0, 0, '2001-04-27 20:00:00', NULL),
(717, 'Estefania Walker', 2, NULL, 0, 0, 0, 0, '1975-01-07 20:00:00', NULL),
(718, 'Hudson Zemlak', 2, NULL, 0, 0, 0, 0, '2009-07-10 20:00:00', NULL),
(719, 'Dr. Reggie Rohan', 2, NULL, 0, 0, 0, 0, '1988-06-14 20:00:00', NULL),
(720, 'Roberto Jaskolski PhD', 2, NULL, 0, 0, 0, 0, '1973-08-02 20:00:00', NULL),
(721, 'Mrs. Kellie Vandervort DDS', 2, NULL, 0, 0, 0, 0, '1999-03-18 20:00:00', NULL),
(722, 'Hallie Bogan DDS', 2, NULL, 0, 0, 0, 0, '2002-10-25 20:00:00', NULL),
(723, 'Prof. Marty Sauer I', 2, NULL, 0, 0, 0, 0, '2023-01-03 20:00:00', NULL),
(724, 'Lula Crooks', 2, NULL, 0, 0, 0, 0, '2012-10-31 20:00:00', NULL),
(725, 'Prof. Declan Franecki III', 2, NULL, 0, 0, 0, 0, '2000-11-24 20:00:00', NULL),
(726, 'Tomas Leannon', 2, NULL, 0, 0, 0, 0, '1983-09-06 20:00:00', NULL),
(727, 'Isaiah Kautzer', 2, NULL, 0, 0, 0, 0, '1972-02-28 20:00:00', NULL),
(728, 'Cheyenne Baumbach', 2, NULL, 0, 0, 0, 0, '1975-01-20 20:00:00', NULL),
(729, 'Prof. Marcia Greenfelder I', 2, NULL, 0, 0, 0, 0, '2003-03-09 20:00:00', NULL),
(730, 'Jaron Ritchie', 2, NULL, 0, 0, 0, 0, '2015-11-23 20:00:00', NULL),
(731, 'Prof. Gennaro Thompson', 2, NULL, 0, 0, 0, 0, '1996-03-21 20:00:00', NULL),
(732, 'Isobel Jenkins PhD', 2, NULL, 0, 0, 0, 0, '1993-04-06 20:00:00', NULL),
(733, 'Miss Chanel Pagac Sr.', 2, NULL, 0, 0, 0, 0, '2024-04-09 20:00:00', NULL),
(734, 'Magnus Beatty', 2, NULL, 0, 0, 0, 0, '2020-04-25 20:00:00', NULL),
(735, 'Carlie Cruickshank', 2, NULL, 0, 0, 0, 0, '1981-07-28 20:00:00', NULL),
(736, 'Mr. Madyson Larson II', 2, NULL, 0, 0, 0, 0, '1995-04-28 20:00:00', NULL),
(737, 'Michale Rempel', 2, NULL, 0, 0, 0, 0, '1978-10-26 20:00:00', NULL),
(738, 'Toy Barrows', 2, NULL, 0, 0, 0, 0, '2002-02-01 20:00:00', NULL),
(739, 'Vicente Veum', 2, NULL, 0, 0, 0, 0, '2022-02-20 20:00:00', NULL),
(740, 'Casimer Schuster', 2, NULL, 0, 0, 0, 0, '1989-09-26 20:00:00', NULL),
(741, 'Gisselle Conn', 2, NULL, 0, 0, 0, 0, '2010-06-07 20:00:00', NULL),
(742, 'Mr. Monty Kub', 2, NULL, 0, 0, 0, 0, '2005-09-03 20:00:00', NULL),
(743, 'Moises Kunze', 2, NULL, 0, 0, 0, 0, '2014-04-30 20:00:00', NULL),
(744, 'Carissa Witting', 2, NULL, 0, 0, 0, 0, '1989-06-25 20:00:00', NULL),
(745, 'Ms. Kirstin Trantow', 2, NULL, 0, 0, 0, 0, '1980-02-02 20:00:00', NULL),
(746, 'Mr. Nat Bergnaum', 2, NULL, 0, 0, 0, 0, '2012-06-30 20:00:00', NULL),
(747, 'Felipa Wolff', 2, NULL, 0, 0, 0, 0, '1973-09-02 20:00:00', NULL),
(748, 'Dawn Kohler', 2, NULL, 0, 0, 0, 0, '2015-03-06 20:00:00', NULL),
(749, 'Nikolas Moen', 2, NULL, 0, 0, 0, 0, '1994-11-19 20:00:00', NULL),
(750, 'Mya O\'Connell', 2, NULL, 0, 0, 0, 0, '1987-01-05 20:00:00', NULL),
(751, 'Mr. Cyrus Quitzon', 2, NULL, 0, 0, 0, 0, '2005-08-01 20:00:00', NULL),
(752, 'Miss Alize Jacobi', 2, NULL, 0, 0, 0, 0, '1989-12-27 20:00:00', NULL),
(753, 'Caleigh Mertz', 2, NULL, 0, 0, 0, 0, '2003-09-23 20:00:00', NULL),
(754, 'Lucio Okuneva', 2, NULL, 0, 0, 0, 0, '2005-04-19 20:00:00', NULL),
(755, 'Mac Anderson', 2, NULL, 0, 0, 0, 0, '2012-06-18 20:00:00', NULL),
(756, 'Mr. Buddy Fritsch', 2, NULL, 0, 0, 0, 0, '1985-08-16 20:00:00', NULL),
(757, 'Leonor Murphy', 2, NULL, 0, 0, 0, 0, '1983-10-20 20:00:00', NULL),
(758, 'Sasha Kris', 2, NULL, 0, 0, 0, 0, '2010-01-09 20:00:00', NULL),
(759, 'Jovany Durgan Sr.', 2, NULL, 0, 0, 0, 0, '2003-05-26 20:00:00', NULL),
(760, 'Melyna Lowe', 2, NULL, 0, 0, 0, 0, '1983-11-23 20:00:00', NULL),
(761, 'Ofelia Herzog', 2, NULL, 0, 0, 0, 0, '1986-06-26 20:00:00', NULL),
(762, 'Alycia Orn', 2, NULL, 0, 0, 0, 0, '1994-06-02 20:00:00', NULL),
(763, 'Nellie Hayes', 2, NULL, 0, 0, 0, 0, '1991-04-11 20:00:00', NULL),
(764, 'Jared Champlin', 2, NULL, 0, 0, 0, 0, '2006-05-09 20:00:00', NULL),
(765, 'Cedrick Waelchi', 2, NULL, 0, 0, 0, 0, '2005-05-03 20:00:00', NULL),
(766, 'Yvonne Gottlieb', 2, NULL, 0, 0, 0, 0, '1995-10-04 20:00:00', NULL),
(767, 'Dr. Gregg Howe', 2, NULL, 0, 0, 0, 0, '1971-12-30 20:00:00', NULL),
(768, 'Prof. Sunny Dooley Sr.', 2, NULL, 0, 0, 0, 0, '1976-12-23 20:00:00', NULL),
(769, 'Melissa Howe', 2, NULL, 0, 0, 0, 0, '1973-02-18 20:00:00', NULL),
(770, 'Avis Cormier', 2, NULL, 0, 0, 0, 0, '1986-03-04 20:00:00', NULL),
(771, 'Carissa Spinka DDS', 2, NULL, 0, 0, 0, 0, '2007-10-18 20:00:00', NULL),
(772, 'Prof. Astrid Farrell DVM', 2, NULL, 0, 0, 0, 0, '1975-08-06 20:00:00', NULL),
(773, 'Esteban Bechtelar', 2, NULL, 0, 0, 0, 0, '2002-11-13 20:00:00', NULL),
(774, 'Kody Hane', 2, NULL, 0, 0, 0, 0, '1990-02-05 20:00:00', NULL),
(775, 'Arno Heathcote', 2, NULL, 0, 0, 0, 0, '1977-07-17 20:00:00', NULL),
(776, 'Ms. Pearline Berge DVM', 2, NULL, 0, 0, 0, 0, '1989-01-29 20:00:00', NULL),
(777, 'Dr. Noelia Powlowski Sr.', 2, NULL, 0, 0, 0, 0, '1979-09-04 20:00:00', NULL),
(778, 'Dr. Deron Fay IV', 2, NULL, 0, 0, 0, 0, '2018-09-20 20:00:00', NULL),
(779, 'Marvin Turner', 2, NULL, 0, 0, 0, 0, '1999-09-04 20:00:00', NULL),
(780, 'Prof. Joel Volkman MD', 2, NULL, 0, 0, 0, 0, '2011-04-12 20:00:00', NULL),
(781, 'Mable Dibbert', 2, NULL, 0, 0, 0, 0, '1987-04-12 20:00:00', NULL),
(782, 'Leopold Gutkowski I', 2, NULL, 0, 0, 0, 0, '2005-08-14 20:00:00', NULL),
(783, 'Buster Skiles', 2, NULL, 0, 0, 0, 0, '1993-10-30 20:00:00', NULL),
(784, 'Mr. Judah Shanahan I', 2, NULL, 0, 0, 0, 0, '2017-09-02 20:00:00', NULL),
(785, 'Nicole O\'Conner', 2, NULL, 0, 0, 0, 0, '1997-03-17 20:00:00', NULL),
(786, 'Makayla Cremin', 2, NULL, 0, 0, 0, 0, '2003-04-15 20:00:00', NULL),
(787, 'Raul Brown', 2, NULL, 0, 0, 0, 0, '2016-02-01 20:00:00', NULL),
(788, 'Prof. Emilie Beatty II', 2, NULL, 0, 0, 0, 0, '2015-03-06 20:00:00', NULL),
(789, 'Pierre Schoen', 2, NULL, 0, 0, 0, 0, '1986-10-05 20:00:00', NULL),
(790, 'Dr. Iva Tillman IV', 2, NULL, 0, 0, 0, 0, '1980-06-04 20:00:00', NULL),
(791, 'Hollie Franecki', 2, NULL, 0, 0, 0, 0, '1979-08-09 20:00:00', NULL),
(792, 'Elnora Jast MD', 2, NULL, 0, 0, 0, 0, '1974-12-03 20:00:00', NULL),
(793, 'Miss Annabel Purdy', 2, NULL, 0, 0, 0, 0, '1994-03-02 20:00:00', NULL),
(794, 'Ezequiel Gottlieb', 2, NULL, 0, 0, 0, 0, '2008-09-23 20:00:00', NULL),
(795, 'Brisa Rath', 2, NULL, 0, 0, 0, 0, '1989-12-17 20:00:00', NULL),
(796, 'Clifton Hirthe', 2, NULL, 0, 0, 0, 0, '1987-01-22 20:00:00', NULL),
(797, 'Mrs. Lexie Dickens III', 2, NULL, 0, 0, 0, 0, '1999-06-19 20:00:00', NULL),
(798, 'Mrs. Kimberly Howell III', 2, NULL, 0, 0, 0, 0, '1996-02-23 20:00:00', NULL),
(799, 'Ms. Jewell Lakin IV', 2, NULL, 0, 0, 0, 0, '1975-05-03 20:00:00', NULL),
(800, 'Ms. Magdalen Corwin I', 2, NULL, 0, 0, 0, 0, '1995-05-09 20:00:00', NULL),
(801, 'Prof. Eleanora Walker', 2, NULL, 0, 0, 0, 0, '2008-03-05 20:00:00', NULL),
(802, 'Kane D\'Amore', 2, NULL, 0, 0, 0, 0, '2007-07-02 20:00:00', NULL),
(803, 'Kitty Klein', 2, NULL, 0, 0, 0, 0, '1985-04-22 20:00:00', NULL),
(804, 'Dr. Jarred Ledner Sr.', 2, NULL, 0, 0, 0, 0, '1982-04-24 20:00:00', NULL),
(805, 'Roman Schroeder DDS', 2, NULL, 0, 0, 0, 0, '1986-01-09 20:00:00', NULL),
(806, 'Hazle Wisoky', 2, NULL, 0, 0, 0, 0, '1985-11-07 20:00:00', NULL),
(807, 'Layla Blanda V', 2, NULL, 0, 0, 0, 0, '2010-10-14 20:00:00', NULL),
(808, 'Dr. Breanne Gutkowski III', 2, NULL, 0, 0, 0, 0, '2000-08-23 20:00:00', NULL),
(809, 'Garth Metz', 2, NULL, 0, 0, 0, 0, '2008-10-30 20:00:00', NULL),
(810, 'Johnpaul McKenzie', 2, NULL, 0, 0, 0, 0, '2001-07-21 20:00:00', NULL),
(811, 'Yolanda Fahey', 2, NULL, 0, 0, 0, 0, '1991-11-03 20:00:00', NULL),
(812, 'Lottie Fadel', 2, NULL, 0, 0, 0, 0, '1975-11-20 20:00:00', NULL),
(813, 'Mr. Braden Rohan MD', 2, NULL, 0, 0, 0, 0, '2006-02-26 20:00:00', NULL),
(814, 'Drew Crooks', 2, NULL, 0, 0, 0, 0, '1985-09-20 20:00:00', NULL),
(815, 'Jacinthe Emmerich', 2, NULL, 0, 0, 0, 0, '1970-08-12 20:00:00', NULL),
(816, 'Dr. Daryl Carter', 2, NULL, 0, 0, 0, 0, '1994-12-14 20:00:00', NULL),
(817, 'Dallas Sawayn', 2, NULL, 0, 0, 0, 0, '2001-06-03 20:00:00', NULL),
(818, 'Rafael Russel', 2, NULL, 0, 0, 0, 0, '1974-11-13 20:00:00', NULL),
(819, 'Chanelle Murphy', 2, NULL, 0, 0, 0, 0, '2009-02-05 20:00:00', NULL),
(820, 'Joaquin Hackett', 2, NULL, 0, 0, 0, 0, '1980-03-11 20:00:00', NULL),
(821, 'Dr. Lowell Hilpert Jr.', 2, NULL, 0, 0, 0, 0, '2016-06-21 20:00:00', NULL),
(822, 'Prof. Orland Strosin Sr.', 2, NULL, 0, 0, 0, 0, '1982-09-21 20:00:00', NULL),
(823, 'Fabiola McKenzie', 2, NULL, 0, 0, 0, 0, '2013-01-15 20:00:00', NULL),
(824, 'Miss Daphne Murray I', 2, NULL, 0, 0, 0, 0, '2015-03-11 20:00:00', NULL),
(825, 'Concepcion Kihn', 2, NULL, 0, 0, 0, 0, '1982-10-14 20:00:00', NULL),
(826, 'Mr. Johnny Goodwin', 2, NULL, 0, 0, 0, 0, '1974-07-28 20:00:00', NULL),
(827, 'Vincent Rodriguez', 2, NULL, 0, 0, 0, 0, '2019-10-10 20:00:00', NULL),
(828, 'Prof. Henriette Nolan DDS', 2, NULL, 0, 0, 0, 0, '2004-02-02 20:00:00', NULL),
(829, 'Prof. Vida Heaney III', 2, NULL, 0, 0, 0, 0, '2020-07-07 20:00:00', NULL),
(830, 'Dr. Ramon Osinski V', 2, NULL, 0, 0, 0, 0, '1989-02-20 20:00:00', NULL),
(831, 'Katlynn Douglas DDS', 2, NULL, 0, 0, 0, 0, '1995-11-26 20:00:00', NULL),
(832, 'Aurore Fisher V', 2, NULL, 0, 0, 0, 0, '1983-04-08 20:00:00', NULL),
(833, 'Belle Muller', 2, NULL, 0, 0, 0, 0, '1985-07-21 20:00:00', NULL),
(834, 'Bonnie Renner', 2, NULL, 0, 0, 0, 0, '2019-02-18 20:00:00', NULL),
(835, 'Jennie Monahan DDS', 2, NULL, 0, 0, 0, 0, '1974-06-01 20:00:00', NULL),
(836, 'Miss Ila Towne', 2, NULL, 0, 0, 0, 0, '1982-03-30 20:00:00', NULL),
(837, 'Earlene Rosenbaum', 2, NULL, 0, 0, 0, 0, '2011-06-02 20:00:00', NULL),
(838, 'Genesis Beatty', 2, NULL, 0, 0, 0, 0, '1979-03-22 20:00:00', NULL),
(839, 'Susana Halvorson', 2, NULL, 0, 0, 0, 0, '1979-10-15 20:00:00', NULL),
(840, 'Dr. Catherine Schuster MD', 2, NULL, 0, 0, 0, 0, '1985-08-29 20:00:00', NULL),
(841, 'Randal Hintz', 2, NULL, 0, 0, 0, 0, '1972-10-23 20:00:00', NULL),
(842, 'Israel Feest', 2, NULL, 0, 0, 0, 0, '1985-11-08 20:00:00', NULL),
(843, 'Chet Daugherty', 2, NULL, 0, 0, 0, 0, '2012-07-16 20:00:00', NULL),
(844, 'Crystel Schamberger MD', 2, NULL, 0, 0, 0, 0, '2009-10-27 20:00:00', NULL),
(845, 'Hassan Stark', 2, NULL, 0, 0, 0, 0, '1995-01-01 20:00:00', NULL),
(846, 'Ms. Ernestine Moore PhD', 2, NULL, 0, 0, 0, 0, '1973-05-03 20:00:00', NULL),
(847, 'Modesto Howe II', 2, NULL, 0, 0, 0, 0, '1996-03-21 20:00:00', NULL),
(848, 'Miss Daniella Leffler III', 2, NULL, 0, 0, 0, 0, '1985-05-16 20:00:00', NULL),
(849, 'Zoe Luettgen DVM', 2, NULL, 0, 0, 0, 0, '1987-04-23 20:00:00', NULL),
(850, 'Neva Langworth', 2, NULL, 0, 0, 0, 0, '1985-01-30 20:00:00', NULL),
(851, 'Reagan Lebsack', 2, NULL, 0, 0, 0, 0, '1971-03-28 20:00:00', NULL),
(852, 'Lacy Torphy', 2, NULL, 0, 0, 0, 0, '1974-10-04 20:00:00', NULL);

--
-- Indexes for dumped tables
--

--
-- Indexes for table `cache`
--
ALTER TABLE `cache`
  ADD PRIMARY KEY (`key`);

--
-- Indexes for table `cache_locks`
--
ALTER TABLE `cache_locks`
  ADD PRIMARY KEY (`key`);

--
-- Indexes for table `contacts`
--
ALTER TABLE `contacts`
  ADD PRIMARY KEY (`id`),
  ADD UNIQUE KEY `phone` (`phone`);

--
-- Indexes for table `failed_jobs`
--
ALTER TABLE `failed_jobs`
  ADD PRIMARY KEY (`id`),
  ADD UNIQUE KEY `failed_jobs_uuid_unique` (`uuid`);

--
-- Indexes for table `jobs`
--
ALTER TABLE `jobs`
  ADD PRIMARY KEY (`id`),
  ADD KEY `jobs_queue_index` (`queue`);

--
-- Indexes for table `job_batches`
--
ALTER TABLE `job_batches`
  ADD PRIMARY KEY (`id`);

--
-- Indexes for table `migrations`
--
ALTER TABLE `migrations`
  ADD PRIMARY KEY (`id`);

--
-- Indexes for table `orders`
--
ALTER TABLE `orders`
  ADD PRIMARY KEY (`id`);

--
-- Indexes for table `order_items`
--
ALTER TABLE `order_items`
  ADD PRIMARY KEY (`id`);

--
-- Indexes for table `order_status`
--
ALTER TABLE `order_status`
  ADD PRIMARY KEY (`id`);

--
-- Indexes for table `password_reset_tokens`
--
ALTER TABLE `password_reset_tokens`
  ADD PRIMARY KEY (`email`);

--
-- Indexes for table `payments`
--
ALTER TABLE `payments`
  ADD PRIMARY KEY (`id`);

--
-- Indexes for table `payment_types`
--
ALTER TABLE `payment_types`
  ADD PRIMARY KEY (`id`);

--
-- Indexes for table `phones`
--
ALTER TABLE `phones`
  ADD PRIMARY KEY (`id`);

--
-- Indexes for table `products`
--
ALTER TABLE `products`
  ADD PRIMARY KEY (`id`);

--
-- Indexes for table `roles`
--
ALTER TABLE `roles`
  ADD PRIMARY KEY (`id`);

--
-- Indexes for table `sessions`
--
ALTER TABLE `sessions`
  ADD PRIMARY KEY (`id`),
  ADD KEY `sessions_user_id_index` (`user_id`),
  ADD KEY `sessions_last_activity_index` (`last_activity`);

--
-- Indexes for table `update_logs`
--
ALTER TABLE `update_logs`
  ADD PRIMARY KEY (`id`);

--
-- Indexes for table `users`
--
ALTER TABLE `users`
  ADD PRIMARY KEY (`id`);

--
-- AUTO_INCREMENT for dumped tables
--

--
-- AUTO_INCREMENT for table `contacts`
--
ALTER TABLE `contacts`
  MODIFY `id` int NOT NULL AUTO_INCREMENT;

--
-- AUTO_INCREMENT for table `failed_jobs`
--
ALTER TABLE `failed_jobs`
  MODIFY `id` bigint UNSIGNED NOT NULL AUTO_INCREMENT;

--
-- AUTO_INCREMENT for table `jobs`
--
ALTER TABLE `jobs`
  MODIFY `id` bigint UNSIGNED NOT NULL AUTO_INCREMENT;

--
-- AUTO_INCREMENT for table `migrations`
--
ALTER TABLE `migrations`
  MODIFY `id` int UNSIGNED NOT NULL AUTO_INCREMENT, AUTO_INCREMENT=4;

--
-- AUTO_INCREMENT for table `orders`
--
ALTER TABLE `orders`
  MODIFY `id` int NOT NULL AUTO_INCREMENT, AUTO_INCREMENT=5;

--
-- AUTO_INCREMENT for table `order_items`
--
ALTER TABLE `order_items`
  MODIFY `id` int NOT NULL AUTO_INCREMENT, AUTO_INCREMENT=4;

--
-- AUTO_INCREMENT for table `order_status`
--
ALTER TABLE `order_status`
  MODIFY `id` int NOT NULL AUTO_INCREMENT, AUTO_INCREMENT=5;

--
-- AUTO_INCREMENT for table `payments`
--
ALTER TABLE `payments`
  MODIFY `id` int NOT NULL AUTO_INCREMENT, AUTO_INCREMENT=9;

--
-- AUTO_INCREMENT for table `payment_types`
--
ALTER TABLE `payment_types`
  MODIFY `id` int NOT NULL AUTO_INCREMENT, AUTO_INCREMENT=8;

--
-- AUTO_INCREMENT for table `phones`
--
ALTER TABLE `phones`
  MODIFY `id` int NOT NULL AUTO_INCREMENT, AUTO_INCREMENT=21;

--
-- AUTO_INCREMENT for table `products`
--
ALTER TABLE `products`
  MODIFY `id` int NOT NULL AUTO_INCREMENT, AUTO_INCREMENT=61;

--
-- AUTO_INCREMENT for table `roles`
--
ALTER TABLE `roles`
  MODIFY `id` int NOT NULL AUTO_INCREMENT, AUTO_INCREMENT=4;

--
-- AUTO_INCREMENT for table `update_logs`
--
ALTER TABLE `update_logs`
  MODIFY `id` int NOT NULL AUTO_INCREMENT, AUTO_INCREMENT=7;

--
-- AUTO_INCREMENT for table `users`
--
ALTER TABLE `users`
  MODIFY `id` int NOT NULL AUTO_INCREMENT, AUTO_INCREMENT=853;
COMMIT;

/*!40101 SET CHARACTER_SET_CLIENT=@OLD_CHARACTER_SET_CLIENT */;
/*!40101 SET CHARACTER_SET_RESULTS=@OLD_CHARACTER_SET_RESULTS */;
/*!40101 SET COLLATION_CONNECTION=@OLD_COLLATION_CONNECTION */;
